screen_mode equ 0
sprite_height equ 105
sprite_width equ 48

palette:
    db 0x54,0x5c,0x4c,0x4a,0x52,0x4b,0x54,0x54,0x54,0x54,0x54,0x54,0x54,0x54,0x54,0x54

frame_0:
    db 0xff,0xff,0xff,0xff,0xff,0xff,0xff,0xff,0xff,0xff,0xff,0xff,0xff,0xff,0xff,0xff
    db 0xff,0xff,0xff,0xff,0xff,0xff,0xff,0xff,0xff,0xff,0xff,0xff,0xff,0xff,0xff,0xff
    db 0xff,0xff,0xff,0xff,0xff,0xff,0xff,0xff,0xff,0xff,0xff,0xff,0xff,0xff,0xff,0xff
    db 0xff,0xff,0xff,0xff,0xff,0xff,0xff,0xff,0xff,0xff,0xff,0xff,0xff,0xff,0xff,0xff
    db 0xff,0xff,0xff,0xff,0xff,0xff,0xff,0xff,0xff,0xff,0xff,0xff,0xff,0xff,0xff,0xff
    db 0xff,0xff,0xff,0xff,0xff,0xff,0xff,0xff,0xff,0xff,0xff,0xff,0xff,0xff,0xff,0xff
    db 0xff,0xff,0xff,0xff,0xff,0xff,0xff,0xff,0xff,0xff,0xff,0xff,0xff,0xff,0xff,0xff
    db 0xff,0xff,0xff,0xff,0xff,0xff,0xff,0xea,0x4c,0xff,0xff,0xff,0xff,0xff,0xff,0xff
    db 0xff,0xff,0xff,0xff,0xff,0xff,0xff,0xff,0xff,0xff,0xff,0xff,0xff,0xff,0xff,0xff
    db 0xff,0xff,0xff,0xff,0xff,0xff,0xff,0xff,0xff,0xff,0xff,0xff,0xff,0xff,0xff,0xff
    db 0xff,0xff,0xff,0xff,0xff,0xff,0xff,0xf0,0xee,0xcc,0xff,0xff,0xff,0xff,0xff,0xff
    db 0xff,0xff,0xff,0xff,0xff,0xff,0xff,0xff,0xff,0xff,0xff,0xff,0xff,0xff,0xff,0xff
    db 0xff,0xff,0xff,0xff,0xff,0xff,0xff,0xff,0xff,0xff,0xff,0xff,0xff,0xff,0xff,0xff
    db 0xff,0xff,0xff,0xff,0xff,0xff,0xfa,0xf0,0xee,0xcc,0xdd,0xff,0xff,0xff,0xff,0xff
    db 0xff,0xff,0xff,0xff,0xff,0xff,0xff,0xff,0xff,0xff,0xff,0xff,0xff,0xff,0xff,0xff
    db 0xff,0xff,0xff,0xff,0xff,0xff,0xff,0xff,0xff,0xff,0xff,0xff,0xff,0xff,0xff,0xff
    db 0xff,0xff,0xff,0xff,0xff,0xff,0xd0,0xf0,0xf5,0xcc,0xcc,0xff,0xff,0xff,0xff,0xff
    db 0xff,0xff,0xff,0xff,0xff,0xff,0xff,0xff,0xff,0xff,0xff,0xff,0xff,0xff,0xff,0xff
    db 0xff,0xff,0xff,0xff,0xff,0xff,0xff,0xff,0xff,0xff,0xff,0xff,0xff,0xff,0xff,0xff
    db 0xff,0xff,0xff,0xff,0xff,0xff,0xc4,0xf0,0xf5,0x4c,0xcc,0xdd,0xff,0xff,0xff,0xff
    db 0xff,0xff,0xff,0xff,0xff,0xff,0xff,0xff,0xff,0xff,0xff,0xff,0xff,0xff,0xff,0xff
    db 0xff,0xff,0xff,0xff,0xff,0xff,0xff,0xff,0xff,0xff,0xff,0xff,0xff,0xff,0xff,0xff
    db 0xff,0xff,0xff,0xff,0xff,0xff,0xba,0xd8,0xb0,0xae,0x0c,0xcc,0xff,0xea,0xff,0xff
    db 0xff,0xff,0xff,0xff,0xff,0xff,0xff,0xff,0xff,0xff,0xff,0xff,0xff,0xff,0xff,0xff
    db 0xff,0xff,0xff,0xff,0xff,0xff,0xff,0xff,0xff,0xff,0xff,0xff,0xff,0xff,0xff,0xff
    db 0xff,0xff,0xff,0xff,0xff,0xff,0xff,0x64,0xe0,0x84,0x0c,0xcc,0xdd,0xff,0x4c,0xcc
    db 0xff,0xff,0xff,0xff,0xff,0xff,0xff,0xff,0xff,0xff,0xff,0xff,0xff,0xff,0xff,0xff
    db 0xff,0xff,0xff,0xff,0xff,0xff,0xff,0xff,0xff,0xff,0xff,0xae,0xae,0xcc,0xdd,0xff
    db 0xff,0xff,0xff,0xff,0xff,0xff,0xff,0xba,0x60,0xc0,0xae,0x4c,0xdd,0x60,0x4c,0xcc
    db 0xcc,0x48,0x5d,0xff,0xff,0xff,0xff,0xff,0xff,0xff,0xff,0xff,0xff,0xff,0xff,0xff
    db 0xff,0xff,0xff,0xff,0xff,0xff,0xff,0xff,0xff,0xff,0xff,0xff,0x0c,0xcc,0xcc,0xcc
    db 0x8c,0xff,0xff,0xff,0xff,0xff,0xff,0xff,0xc0,0xc0,0xc0,0x0c,0x70,0xf5,0x84,0xcc
    db 0xcc,0xcc,0xff,0xff,0xff,0xff,0xff,0xff,0xff,0xff,0xff,0xff,0xff,0xff,0xff,0xff
    db 0xff,0xff,0xff,0xff,0xff,0xff,0xff,0xff,0xff,0xff,0xff,0xf5,0x0c,0xcc,0x8c,0xcc
    db 0xcc,0xdd,0xff,0xff,0xff,0xff,0xff,0xff,0xff,0xff,0xea,0x0c,0xd8,0xe0,0xff,0xcc
    db 0xcc,0xcc,0xe4,0xdd,0xff,0xff,0xff,0xff,0xff,0xff,0xff,0xff,0xff,0xff,0xff,0xff
    db 0xff,0xff,0xff,0xff,0xff,0xff,0xff,0xff,0xff,0xff,0xfa,0xf0,0x0c,0xcc,0xcc,0xcc
    db 0xcc,0xcc,0xcc,0xff,0xff,0xff,0xff,0xff,0xff,0xea,0xff,0x5d,0x70,0xf0,0xea,0x4c
    db 0xcc,0xcc,0xcc,0xdd,0xff,0xff,0xff,0xff,0xff,0xff,0xff,0xff,0xff,0xff,0xff,0xff
    db 0xff,0xff,0xff,0xff,0xff,0xff,0xff,0xff,0xff,0xff,0xd0,0xf0,0x84,0x4c,0xcc,0xcc
    db 0xcc,0xcc,0xcc,0xdd,0xff,0xff,0xff,0xff,0xff,0xff,0xc0,0x5d,0xfa,0xf0,0xdd,0x4c
    db 0x8c,0x4c,0xcc,0x4c,0xff,0xff,0xff,0xff,0xff,0xff,0xff,0xff,0xff,0xff,0xff,0xff
    db 0xff,0xff,0xff,0xff,0xff,0xff,0xff,0xff,0xff,0xff,0xc4,0xf0,0xf5,0x4c,0xcc,0xcc
    db 0xcc,0xcc,0xcc,0xcc,0xdd,0xff,0xff,0xff,0xff,0xba,0x60,0x5d,0xee,0xf0,0xf5,0x84
    db 0x0c,0x0c,0xcc,0xcc,0xdd,0xff,0xff,0xff,0xff,0xff,0xff,0xff,0xff,0xff,0xff,0xff
    db 0xff,0xff,0xff,0xff,0xff,0xff,0xff,0xff,0xff,0xff,0xba,0xf0,0xf0,0x84,0x0c,0x0c
    db 0xcc,0xcc,0xcc,0xcc,0xcc,0xdd,0xff,0xff,0xff,0xff,0xdd,0x5d,0xba,0xcc,0xe4,0xff
    db 0x0c,0x0c,0x4c,0xcc,0xcc,0xff,0xff,0xff,0xff,0xff,0xff,0xff,0xff,0xff,0xff,0xff
    db 0xff,0xff,0xff,0xff,0xff,0xff,0xff,0xff,0xff,0xff,0xff,0xcc,0xd8,0x84,0x0c,0xea
    db 0xae,0x0c,0x0c,0xcc,0xcc,0xcc,0xff,0xff,0xff,0xff,0xc8,0x5d,0xff,0x30,0xcc,0xea
    db 0x5d,0xae,0x0c,0xcc,0xcc,0xff,0xff,0xff,0xff,0xff,0xff,0xff,0xff,0xff,0xff,0xff
    db 0xff,0xff,0xff,0xff,0xff,0xff,0xff,0xff,0xff,0xff,0xff,0x30,0xcc,0xd5,0xff,0xff
    db 0xc0,0xc0,0xae,0x4c,0xcc,0xcc,0xdd,0xff,0xff,0xff,0x60,0x5d,0xff,0xba,0x30,0xea
    db 0x48,0xc0,0x84,0xcc,0x8c,0x5d,0xff,0xff,0xff,0xff,0xff,0xff,0xff,0xff,0xff,0xff
    db 0xff,0xff,0xff,0xff,0xff,0xff,0xff,0xff,0xff,0xff,0xff,0xff,0xea,0xd5,0xea,0xea
    db 0xc0,0xd5,0x0c,0xae,0x4c,0xcc,0xcc,0xff,0xff,0xff,0x75,0x0c,0xff,0xff,0xba,0xea
    db 0xc0,0xd5,0xea,0x4c,0xcc,0x5d,0xff,0xff,0xff,0xff,0xff,0xff,0xff,0xff,0xff,0xff
    db 0xff,0xff,0xff,0xff,0xff,0xff,0xff,0xff,0xff,0xff,0xff,0xff,0xff,0xc0,0xff,0xff
    db 0xea,0xd5,0xae,0x0c,0xcc,0xcc,0xcc,0x5d,0xff,0xba,0x24,0x0c,0x5d,0xff,0xff,0xea
    db 0xff,0xd5,0xff,0x84,0xcc,0xdd,0xff,0xff,0xff,0xff,0xff,0xff,0xff,0xff,0xff,0xff
    db 0xff,0xff,0xff,0xff,0xff,0xff,0xff,0xff,0xff,0xff,0xff,0xff,0xff,0xff,0xff,0xff
    db 0xc0,0xdd,0xc0,0xd5,0xae,0x4c,0xcc,0xcc,0xff,0xee,0x84,0x0c,0x5d,0xff,0xff,0xff
    db 0xff,0xea,0xff,0xea,0x4c,0xcc,0xff,0xff,0xff,0xff,0xff,0xff,0xff,0xff,0xff,0xff
    db 0xff,0xff,0xff,0xff,0xff,0xff,0xff,0xff,0xff,0xff,0xff,0xff,0xff,0xff,0xff,0xff
    db 0xff,0x90,0x75,0xea,0xc0,0x0c,0xcc,0xcc,0x5d,0xee,0xae,0x0c,0x5d,0x75,0xff,0xee
    db 0xff,0xff,0xff,0xff,0x84,0x8c,0xff,0xff,0xff,0xff,0xff,0xff,0xff,0xff,0xff,0xff
    db 0xff,0xff,0xff,0xff,0xff,0xff,0xff,0xff,0xff,0xff,0xff,0xff,0xff,0xff,0xff,0xff
    db 0xae,0xdd,0xff,0x30,0xc0,0x84,0xcc,0xcc,0xdd,0x30,0x0c,0x0c,0x5d,0x64,0xc0,0x0c
    db 0x5d,0xff,0xc0,0xff,0x84,0xcc,0xff,0xff,0xff,0xff,0xff,0xff,0xff,0xff,0xff,0xff
    db 0xff,0xff,0xff,0xff,0xff,0xff,0xff,0xff,0xff,0xff,0xff,0xff,0xff,0xff,0xff,0xf0
    db 0x4c,0xcc,0x5d,0x64,0xdd,0xc0,0x0c,0xcc,0xcc,0xdd,0x0c,0x0c,0x5d,0xba,0xd5,0x0c
    db 0xdd,0xff,0xc0,0xff,0x84,0x4c,0xff,0xff,0xff,0xff,0xff,0xff,0xff,0xff,0xff,0xff
    db 0xff,0xff,0xff,0xff,0xff,0xff,0xff,0xff,0xff,0xff,0xff,0xff,0xff,0xff,0xfa,0xe0
    db 0xcc,0xcc,0xcc,0xba,0xdd,0xc0,0x0c,0xcc,0xcc,0x8c,0x8c,0x0c,0xff,0xff,0xc0,0xd5
    db 0x84,0xff,0xc0,0xea,0xd5,0x0c,0xf5,0xff,0xff,0xff,0xff,0xff,0xff,0xff,0xff,0xff
    db 0xff,0xff,0xff,0xff,0xff,0xff,0xff,0xff,0xff,0xff,0xff,0xff,0xff,0xff,0xd8,0xe0
    db 0xcc,0xcc,0x4c,0xcc,0xcc,0xea,0xae,0xcc,0xcc,0xcc,0x8c,0x0c,0xff,0xff,0xc0,0xff
    db 0x84,0xea,0xc0,0xc0,0xd5,0x0c,0x5d,0xff,0xff,0xff,0xff,0xff,0xff,0xff,0xff,0xff
    db 0xff,0xff,0xff,0xff,0xff,0xff,0xff,0xff,0xff,0xff,0xff,0xff,0xff,0xff,0x70,0xe0
    db 0xcc,0xcc,0x8c,0xcc,0xcc,0xdd,0xae,0x4c,0xcc,0xc4,0xcc,0x8c,0xff,0xff,0xff,0xff
    db 0xea,0xba,0xc0,0xc0,0x84,0x0c,0x5d,0xff,0xff,0xff,0xff,0xff,0xff,0xff,0xff,0xff
    db 0xff,0xff,0xff,0xff,0xff,0xff,0xff,0xff,0xff,0xff,0xff,0xff,0xff,0xff,0x70,0xe0
    db 0x4c,0x8c,0x8c,0x0c,0x0c,0x4c,0x8c,0x4c,0xcc,0x8c,0xcc,0xcc,0xff,0xff,0xff,0xff
    db 0xea,0xff,0xc0,0xc0,0x84,0x0c,0xdd,0xff,0xff,0xff,0xff,0xff,0xff,0xff,0xff,0xff
    db 0xff,0xff,0xff,0xff,0xff,0xff,0xff,0xff,0xff,0xff,0xff,0xff,0xff,0xff,0x64,0xf5
    db 0x84,0x0c,0x4c,0x0c,0x0c,0x4c,0xcc,0xc8,0xcc,0xcc,0xcc,0x4c,0xff,0xff,0xff,0xff
    db 0xba,0xd5,0xc0,0xea,0x84,0x0c,0x5d,0xff,0xff,0xff,0xff,0xff,0xff,0xff,0xff,0xff
    db 0xff,0xff,0xff,0xff,0xff,0xff,0xff,0xff,0xff,0xff,0xff,0xff,0xff,0xff,0x30,0xdd
    db 0x84,0x0c,0x0c,0x0c,0x0c,0x0c,0x0c,0xea,0xd5,0xcc,0x64,0xae,0xff,0xff,0xff,0xff
    db 0xff,0xd5,0xc0,0xea,0x0c,0x0c,0xdd,0xff,0xff,0xff,0xff,0xff,0xff,0xff,0xff,0xff
    db 0xff,0xff,0xff,0xff,0xff,0xff,0xff,0xff,0xff,0xff,0xff,0xff,0xff,0xff,0xba,0x30
    db 0xd5,0x0c,0x5d,0x0c,0x0c,0xff,0x0c,0x48,0xc0,0xff,0x4c,0xc8,0xff,0xff,0xff,0xff
    db 0xff,0xff,0xea,0xea,0x0c,0x0c,0x5d,0xff,0xff,0xff,0xff,0xff,0xff,0xff,0xff,0xff
    db 0xff,0xff,0xff,0xff,0xff,0xff,0xff,0xff,0xff,0xff,0xff,0xff,0xff,0xff,0xff,0xff
    db 0xea,0xea,0xc0,0xff,0x0c,0x0c,0xff,0x48,0xc0,0xff,0xba,0x75,0xff,0xff,0xff,0xff
    db 0xff,0xff,0xea,0xea,0x0c,0x4c,0x8c,0xff,0xff,0xff,0xff,0xff,0xff,0xff,0xff,0xff
    db 0xff,0xff,0xff,0xff,0xff,0xff,0xff,0xff,0xff,0xff,0xff,0xff,0xff,0xff,0xff,0xff
    db 0xea,0xc0,0xc0,0xc0,0xff,0xff,0x0c,0xc0,0xc0,0xff,0xff,0xc4,0xff,0xff,0xff,0xff
    db 0xff,0xff,0xd5,0xea,0xae,0x0c,0x8c,0xff,0xff,0xff,0xff,0xff,0xff,0xff,0xff,0xff
    db 0xff,0xff,0xff,0xff,0xff,0xff,0xff,0xff,0xff,0xff,0xff,0xff,0xff,0xff,0xff,0xff
    db 0xff,0xd5,0xff,0xff,0xff,0xff,0xea,0xc0,0xc0,0xff,0xea,0xea,0xee,0xff,0xff,0xff
    db 0xff,0xff,0xd5,0xea,0x0c,0x4c,0x0c,0xff,0xff,0xff,0xff,0xff,0xff,0xff,0xff,0xff
    db 0xff,0xff,0xff,0xff,0xff,0xff,0xff,0xff,0xff,0xff,0xff,0xff,0xff,0xff,0xff,0xff
    db 0xff,0xff,0xff,0xae,0xff,0xff,0xff,0xea,0xc0,0xc0,0xff,0xea,0xd5,0xdd,0xff,0xff
    db 0xff,0x75,0xff,0xea,0x0c,0x4c,0x0c,0xdd,0xff,0xff,0xff,0xff,0xff,0xff,0xff,0xff
    db 0xff,0xff,0xff,0xff,0xff,0xff,0xff,0xff,0xff,0xff,0xff,0xff,0xff,0xff,0xff,0xff
    db 0xff,0xae,0x8c,0x0c,0x5d,0xd5,0xff,0xff,0xea,0xea,0xd5,0xc0,0xc0,0xff,0xff,0xff
    db 0xff,0x30,0xff,0xea,0xae,0x0c,0x0c,0x5d,0xff,0xff,0xff,0xff,0xff,0xff,0xff,0xff
    db 0xff,0xff,0xff,0xff,0xff,0xff,0xff,0xff,0xff,0xff,0xff,0xff,0xff,0xff,0xff,0xff
    db 0xff,0xcc,0x0c,0x0c,0xcc,0x48,0xd5,0xff,0xff,0xea,0xc0,0xc0,0xc0,0x84,0xdd,0xff
    db 0xff,0x30,0xd5,0xea,0x5d,0x84,0x5d,0x4c,0xff,0xff,0xff,0xff,0xff,0xff,0xff,0xff
    db 0xff,0xff,0xff,0xff,0xff,0xff,0xff,0xff,0xff,0xff,0xff,0xff,0xff,0xff,0xff,0xff
    db 0x98,0xcc,0x5d,0xba,0xff,0xd5,0xc0,0xff,0xff,0xff,0xc0,0xc0,0xea,0xd5,0x5d,0xff
    db 0xff,0x60,0xff,0xd5,0xea,0xae,0x5d,0xff,0xff,0xff,0xff,0xff,0xff,0xff,0xff,0xff
    db 0xff,0xff,0xff,0xff,0xff,0xff,0xff,0xff,0xff,0xff,0xff,0xff,0xff,0xff,0xff,0xff
    db 0xa4,0x8c,0x48,0x90,0xc0,0xc0,0xc0,0xff,0xff,0xea,0xc0,0xc0,0xea,0xc0,0xff,0xff
    db 0xff,0x60,0xff,0xc0,0x84,0xae,0xae,0x5d,0xff,0xff,0xff,0xff,0xff,0xff,0xff,0xff
    db 0xff,0xff,0xff,0xff,0xff,0xff,0xff,0xff,0xff,0xff,0xff,0xff,0xff,0xff,0xff,0xff
    db 0x8c,0x8c,0x5d,0xea,0xc0,0xc0,0xc0,0xff,0xff,0xff,0xc0,0xc0,0xc0,0xc0,0x5d,0xff
    db 0xff,0xc0,0xff,0xc0,0xae,0xae,0x48,0x4c,0xff,0xff,0xff,0xff,0xff,0xff,0xff,0xff
    db 0xff,0xff,0xff,0xff,0xff,0xff,0xff,0xff,0xff,0xff,0xff,0xff,0xff,0xff,0xff,0xff
    db 0x24,0x0c,0xc8,0xea,0xc0,0xc0,0xd5,0xff,0xd5,0xea,0xc0,0xc0,0xff,0xc0,0x0c,0xba
    db 0x75,0xff,0xff,0xc0,0x0c,0x0c,0x0c,0x0c,0xff,0xff,0xff,0xff,0xff,0xff,0xff,0xff
    db 0xff,0xff,0xff,0xff,0xff,0xff,0xff,0xff,0xff,0xff,0xff,0xff,0xff,0xff,0xff,0xff
    db 0xea,0x48,0xc0,0xc0,0x90,0xea,0xff,0xea,0xc0,0xc0,0xc0,0xc0,0xd5,0xc0,0xee,0x30
    db 0x60,0xff,0xea,0xc0,0x84,0x0c,0x0c,0x0c,0xff,0xff,0xff,0xff,0xff,0xff,0xff,0xff
    db 0xff,0xff,0xff,0xff,0xff,0xff,0xff,0xff,0xff,0xff,0xff,0xff,0xff,0xff,0xff,0xff
    db 0xee,0xdd,0xc0,0xc0,0xba,0xc0,0xea,0xc0,0xd5,0xd5,0xea,0xc0,0xc0,0xc0,0x5d,0x30
    db 0x60,0xea,0xc0,0xc0,0x8c,0x0c,0xae,0x0c,0xff,0xff,0xff,0xff,0xff,0xff,0xff,0xff
    db 0xff,0xff,0xff,0xff,0xff,0xff,0xff,0xff,0xff,0xff,0xff,0xff,0xff,0xff,0xff,0xff
    db 0xba,0xc0,0xc0,0xc0,0xc0,0xc0,0xc0,0xc0,0xae,0x0c,0xc8,0xc0,0xc0,0xc0,0x75,0x30
    db 0xc0,0xc0,0xc0,0x84,0x8c,0xff,0xff,0xff,0xff,0xff,0xff,0xff,0xff,0xff,0xff,0xff
    db 0xff,0xff,0xff,0xff,0xff,0xff,0xff,0xff,0xff,0xff,0xff,0xff,0xff,0xff,0xff,0xba
    db 0x30,0xea,0xc0,0xc0,0x60,0xd5,0xcc,0x8c,0xcc,0xcc,0xcc,0xea,0xc0,0x90,0xc8,0x0c
    db 0xcc,0x8c,0xcc,0xcc,0x8c,0x0c,0xc0,0xea,0xff,0xff,0xff,0xff,0xff,0xff,0xff,0xff
    db 0xff,0xff,0xff,0xff,0xff,0xff,0xff,0xff,0xff,0xff,0xff,0xff,0xff,0xff,0xff,0xba
    db 0x30,0x60,0xc0,0xc0,0xff,0xff,0xba,0x75,0x4c,0x4c,0xcc,0x0c,0x0c,0x0c,0xcc,0xcc
    db 0xcc,0xcc,0xcc,0xcc,0x8c,0xcc,0xae,0xee,0xf5,0xff,0xff,0xff,0xff,0xff,0xff,0xff
    db 0xff,0xff,0xff,0xff,0xff,0xff,0xff,0xff,0xff,0xff,0xff,0xff,0xff,0xff,0xea,0xd5
    db 0x30,0xc8,0xc0,0xee,0x8c,0xcc,0xd8,0x84,0xcc,0x4c,0x8c,0x4c,0x0c,0xcc,0xcc,0xcc
    db 0xcc,0xcc,0xcc,0xcc,0xcc,0xcc,0xdd,0xd5,0xf5,0xff,0xff,0xff,0xff,0xff,0xff,0xff
    db 0xff,0xff,0xff,0xff,0xff,0xff,0xff,0xff,0xff,0xff,0xff,0xff,0xff,0xff,0xea,0xd5
    db 0x64,0x8c,0x48,0xba,0xc0,0x98,0xf0,0x84,0xcc,0xcc,0x5d,0xa4,0x0c,0xd8,0xcc,0xcc
    db 0xcc,0x8c,0xcc,0xcc,0xcc,0xcc,0xdd,0xc0,0x24,0xff,0xff,0xff,0xff,0xff,0xff,0xff
    db 0xff,0xff,0xff,0xff,0xff,0xff,0xff,0xff,0xff,0xff,0xff,0xff,0xff,0xff,0xd5,0xc0
    db 0xea,0xc8,0x4c,0xff,0xd5,0xfa,0xf0,0x84,0xcc,0x8c,0xdd,0x0c,0x8c,0x0c,0x0c,0xcc
    db 0x0c,0x4c,0x4c,0x8c,0x4c,0xcc,0xcc,0xea,0xc0,0xff,0xff,0xff,0xff,0xff,0xff,0xff
    db 0xff,0xff,0xff,0xff,0xff,0xff,0xff,0xff,0xff,0xff,0xff,0xff,0xff,0xea,0xea,0xea
    db 0xc0,0x84,0x5d,0x48,0xd5,0xee,0xf0,0xc0,0x4c,0x8c,0xdd,0x0c,0x8c,0x5d,0x0c,0x0c
    db 0x0c,0x0c,0x8c,0x0c,0xcc,0xc8,0x8c,0xdd,0xdd,0xff,0xff,0xff,0xff,0xff,0xff,0xff
    db 0xff,0xff,0xff,0xff,0xff,0xff,0xff,0xff,0xff,0xff,0xff,0xff,0xff,0xea,0xc0,0xd5
    db 0xc8,0x8c,0x48,0x5d,0xd5,0xc4,0xf0,0xea,0x0c,0xcc,0xe4,0x8c,0x0c,0xff,0xae,0x0c
    db 0x0c,0xae,0x0c,0x0c,0x48,0x5d,0xff,0xcc,0xcc,0xff,0xff,0xff,0xff,0xff,0xff,0xff
    db 0xff,0xff,0xff,0xff,0xff,0xff,0xff,0xff,0xff,0xff,0xff,0xff,0xea,0xc0,0x84,0x4c
    db 0xdd,0xcc,0x4c,0x5d,0xc0,0xc4,0xf0,0xea,0x4c,0x0c,0x8c,0x0c,0x0c,0xff,0xff,0x84
    db 0xea,0xd5,0x0c,0xea,0xc0,0x84,0xc4,0xa4,0xcc,0xff,0xff,0xff,0xff,0xff,0xff,0xff
    db 0xff,0xff,0xff,0xff,0xff,0xff,0xff,0xff,0xff,0xff,0xff,0xff,0xea,0xba,0xae,0xae
    db 0xdd,0x0c,0xcc,0x4c,0xdd,0xba,0xd8,0xea,0x0c,0x0c,0x0c,0x0c,0x5d,0xc0,0xc0,0xc0
    db 0xc0,0xc0,0xc0,0xff,0xff,0x84,0x84,0xa4,0xcc,0xff,0xff,0xff,0xff,0xff,0xff,0xff
    db 0xff,0xff,0xff,0xff,0xff,0xff,0xff,0xff,0xff,0xff,0xff,0xff,0xea,0xc0,0xae,0x84
    db 0x0c,0xae,0x75,0x4c,0x48,0xff,0xcc,0xc0,0x84,0x0c,0x0c,0x5d,0xc0,0xc0,0xd5,0xae
    db 0x90,0xff,0xff,0xff,0xff,0xea,0xc0,0xae,0x64,0xff,0xff,0xff,0xff,0xff,0xff,0xff
    db 0xff,0xff,0xff,0xff,0xff,0xff,0xff,0xff,0xff,0xff,0xff,0xff,0xea,0xc0,0xc0,0xff
    db 0x84,0xae,0x48,0x4c,0x5d,0xff,0x30,0x75,0xd5,0xae,0x0c,0xea,0xc0,0xee,0x5d,0xc0
    db 0x30,0xff,0xff,0xff,0xff,0xff,0xea,0xae,0x0c,0x5d,0xff,0xff,0xff,0xff,0xff,0xff
    db 0xff,0xff,0xff,0xff,0xff,0xff,0xff,0xff,0xff,0xff,0xff,0xff,0xff,0xff,0xff,0xff
    db 0xff,0xea,0x4c,0x5d,0x8c,0x5d,0xba,0x75,0xea,0xd5,0xc0,0xd5,0x48,0xc0,0xc0,0x90
    db 0xff,0xff,0xff,0xff,0xff,0xff,0xc0,0xc0,0xcc,0xdd,0xff,0xff,0xff,0xff,0xff,0xff
    db 0xff,0xff,0xff,0xff,0xff,0xff,0xff,0xff,0xff,0xff,0xff,0xff,0xee,0xf0,0xf0,0xf0
    db 0xb0,0xee,0xee,0x0c,0x4c,0x4c,0xff,0xff,0xea,0xc0,0xc0,0xd5,0xc0,0xc0,0xc0,0xff
    db 0xff,0xff,0xff,0xff,0xff,0xff,0xc0,0xd5,0x0c,0x8c,0xff,0xff,0xff,0xff,0xff,0xff
    db 0xff,0xff,0xff,0xff,0xff,0xff,0xff,0xff,0xff,0xff,0xff,0xea,0x64,0xf0,0xf0,0xf0
    db 0xf5,0xae,0x0c,0x0c,0x8c,0x48,0xd5,0xff,0xff,0xc0,0xc0,0xc0,0xd5,0xff,0xff,0xff
    db 0xff,0xff,0xff,0xff,0xff,0xff,0xc0,0xae,0xc0,0xcc,0xff,0xff,0xff,0xff,0xff,0xff
    db 0xff,0xff,0xff,0xff,0xff,0xff,0xff,0xff,0xff,0xff,0xff,0xff,0xcc,0xf0,0xf0,0xf0
    db 0xe0,0x84,0x48,0x4c,0xc8,0xd5,0xff,0xff,0xdd,0xff,0xd5,0xea,0xff,0xff,0xff,0xff
    db 0xff,0xff,0xff,0xff,0xff,0xff,0xea,0xff,0xc4,0xdd,0xff,0xff,0xff,0xff,0xff,0xff
    db 0xff,0xff,0xff,0xff,0xff,0xff,0xff,0xff,0xff,0xff,0xff,0xff,0x64,0xd8,0xf0,0xe4
    db 0x0c,0x0c,0xee,0x8c,0x48,0xd5,0xff,0xff,0xff,0xff,0xff,0xff,0xff,0xff,0xff,0xff
    db 0xff,0xff,0xff,0xff,0xff,0xff,0xd5,0xc0,0xea,0xae,0xff,0xff,0xff,0xff,0xff,0xff
    db 0xff,0xff,0xff,0xff,0xff,0xff,0xff,0xff,0xff,0xff,0xff,0xff,0x30,0xcc,0xd8,0xe0
    db 0xae,0x4c,0xcc,0x48,0xc0,0xea,0xff,0xff,0xff,0xff,0xff,0xff,0xff,0xff,0xc0,0xc0
    db 0xd5,0xea,0xc0,0xff,0xc0,0xd5,0xea,0xc0,0x48,0x48,0x5d,0xff,0xff,0xff,0xff,0xff
    db 0xff,0xff,0xff,0xff,0xff,0xff,0xff,0xff,0xff,0xff,0xff,0xff,0xba,0x30,0xc8,0x84
    db 0xea,0x5d,0xc0,0xea,0xc0,0xc0,0xff,0xff,0xff,0xff,0xff,0xff,0xff,0xc0,0xc0,0xc0
    db 0xc0,0xc0,0xc0,0xc0,0xc0,0xc0,0xc0,0xd5,0x0c,0xc4,0xdd,0xff,0xff,0xff,0xff,0xff
    db 0xff,0xff,0xff,0xff,0xff,0xff,0xff,0xff,0xff,0xff,0xff,0xff,0xff,0xea,0xff,0xc0
    db 0xc0,0xff,0xd5,0xd5,0xc0,0xc0,0xff,0xff,0xff,0xff,0xea,0xd5,0xff,0xc0,0xff,0xea
    db 0xc0,0x84,0xcc,0x0c,0x0c,0x0c,0xae,0x0c,0x48,0x4c,0xff,0xff,0xff,0xff,0xff,0xff
    db 0xff,0xff,0xff,0xff,0xff,0xff,0xff,0xff,0xff,0xff,0xff,0xff,0xd5,0xff,0xc0,0xd5
    db 0xea,0xc0,0xd5,0xd5,0xd5,0x30,0xff,0xff,0xff,0xff,0xea,0xc0,0xc0,0xc4,0x8c,0x0c
    db 0x0c,0x4c,0xcc,0xcc,0x0c,0x0c,0xff,0x5d,0xee,0x0c,0xff,0xff,0xff,0xff,0xff,0xff
    db 0xff,0xff,0xff,0xff,0xff,0xff,0xff,0xff,0xff,0xff,0xff,0xff,0xea,0xd5,0xea,0xc0
    db 0xd5,0xc0,0xc0,0x5d,0x70,0xdd,0xff,0xff,0xff,0xff,0xea,0xc0,0xd5,0xc4,0x8c,0xcc
    db 0x8c,0xee,0xcc,0xcc,0xcc,0xcc,0x48,0xff,0xd5,0xff,0xff,0xff,0xff,0xff,0xff,0xff
    db 0xff,0xff,0xff,0xff,0xff,0xff,0xff,0xff,0xff,0xff,0xff,0xff,0xff,0xea,0xea,0xc0
    db 0x5d,0xc0,0x84,0x5d,0x64,0x75,0xff,0xff,0xff,0xff,0xea,0xc0,0xc0,0xea,0x84,0xcc
    db 0xc8,0xee,0xcc,0xcc,0xcc,0x0c,0x48,0x4c,0xc0,0x4c,0xff,0xff,0xff,0xff,0xff,0xff
    db 0xff,0xff,0xff,0xff,0xff,0xff,0xff,0xff,0xff,0xff,0xff,0xff,0xff,0xc0,0xc0,0xc0
    db 0xd5,0xd5,0xd0,0xf5,0x30,0x75,0xff,0xff,0xff,0xff,0xea,0x0c,0x48,0xc0,0xee,0xe4
    db 0x4c,0x0c,0xcc,0xe4,0x0c,0x0c,0x0c,0x0c,0x48,0xee,0xff,0xff,0xff,0xff,0xff,0xff
    db 0xff,0xff,0xff,0xff,0xff,0xff,0xff,0xff,0xff,0xff,0xff,0xff,0xff,0xc0,0xd5,0xc0
    db 0xff,0xee,0xd8,0xf5,0xba,0x75,0xff,0xff,0xff,0xff,0xff,0xee,0xcc,0xc8,0xee,0xa4
    db 0xcc,0x4c,0x4c,0x8c,0x0c,0x0c,0x0c,0xcc,0x5d,0xcc,0xff,0xff,0xff,0xff,0xff,0xff
    db 0xff,0xff,0xff,0xff,0xff,0xff,0xff,0xff,0xff,0xff,0xff,0xff,0xea,0xc0,0xc0,0xfa
    db 0xdd,0xba,0x30,0x75,0xba,0xff,0xff,0xff,0xff,0xff,0xff,0xea,0xd5,0xea,0xd5,0xcc
    db 0xcc,0x8c,0xc0,0xae,0x0c,0x0c,0xcc,0xcc,0x0c,0x5d,0xff,0xff,0xff,0xff,0xff,0xff
    db 0xff,0xff,0xff,0xff,0xff,0xff,0xff,0xff,0xff,0xff,0xff,0xff,0xff,0x64,0x75,0xba
    db 0xb0,0xff,0x75,0xff,0xff,0xff,0xff,0xff,0xff,0xff,0xff,0xff,0xff,0xd5,0x84,0xcc
    db 0xcc,0xc8,0x0c,0x8c,0xae,0x8c,0x5d,0x0c,0xea,0xd5,0xff,0xff,0xff,0xff,0xff,0xff
    db 0xff,0xff,0xff,0xff,0xff,0xff,0xff,0xff,0xff,0xff,0xff,0xff,0xff,0x70,0x98,0xff
    db 0xcc,0xff,0xea,0xd5,0xff,0xff,0xff,0xff,0xff,0xff,0xff,0xff,0xff,0xd5,0xae,0xcc
    db 0xcc,0x4c,0x8c,0x5d,0x0c,0xcc,0xdd,0xae,0xc4,0xff,0xff,0xff,0xff,0xff,0xff,0xff
    db 0xff,0xff,0xff,0xff,0xff,0xff,0xff,0xff,0xff,0xff,0xff,0xff,0xff,0x70,0xb0,0xff
    db 0x30,0xff,0xea,0xc0,0xff,0xff,0xff,0xff,0xff,0xff,0xff,0xff,0xff,0x5d,0x0c,0xcc
    db 0xcc,0x4c,0x48,0xc0,0xae,0x4c,0xee,0x4c,0x8c,0xff,0xff,0xff,0xff,0xff,0xff,0xff
    db 0xff,0xff,0xff,0xff,0xff,0xff,0xff,0xff,0xff,0xff,0xff,0xff,0xff,0xee,0xb0,0xff
    db 0xff,0xff,0xff,0xea,0xff,0xff,0xff,0xff,0xff,0xff,0xff,0xff,0xff,0x5d,0xcc,0xcc
    db 0x8c,0x0c,0x0c,0xc0,0xc0,0xc0,0x4c,0x4c,0xcc,0xff,0xff,0xff,0xff,0xff,0xff,0xff
    db 0xff,0xff,0xff,0xff,0xff,0xff,0xff,0xff,0xff,0xff,0xff,0xff,0xff,0xba,0xcc,0xff
    db 0xea,0xd5,0xff,0xff,0xff,0xff,0xff,0xff,0xff,0xff,0xff,0xea,0xff,0xd5,0xcc,0xcc
    db 0x8c,0xae,0x0c,0xea,0xc0,0xae,0xc8,0x4c,0xdd,0xff,0xff,0xff,0xff,0xff,0xff,0xff
    db 0xff,0xff,0xff,0xff,0xff,0xff,0xff,0xff,0xff,0xff,0xff,0xff,0xff,0xff,0xea,0xff
    db 0xff,0xd5,0xff,0xff,0xff,0xff,0xff,0xff,0xff,0xff,0xff,0xff,0xff,0xff,0xcc,0xcc
    db 0x8c,0xae,0xae,0x0c,0xae,0x4c,0x8c,0x58,0x5d,0xff,0xff,0xff,0xff,0xff,0xff,0xff
    db 0xff,0xff,0xff,0xff,0xff,0xff,0xff,0xff,0xff,0xff,0xff,0xff,0xff,0xff,0xc0,0xff
    db 0xff,0xff,0xff,0xff,0xff,0xff,0xff,0xff,0xff,0xff,0xff,0xff,0xff,0xff,0xcc,0xcc
    db 0x5d,0x48,0xff,0x0c,0x0c,0x8c,0xae,0x48,0xff,0xff,0xff,0xff,0xff,0xff,0xff,0xff
    db 0xff,0xff,0xff,0xff,0xff,0xff,0xff,0xff,0xff,0xff,0xff,0xff,0xff,0xff,0xc0,0xff
    db 0xff,0xff,0xff,0xff,0xff,0xff,0xff,0xff,0xff,0xff,0xff,0xff,0xff,0xff,0xfa,0xe4
    db 0xea,0xc0,0xd5,0xae,0x0c,0x0c,0x0c,0x5d,0xff,0xff,0xff,0xff,0xff,0xff,0xff,0xff
    db 0xff,0xff,0xff,0xff,0xff,0xff,0xff,0xff,0xff,0xff,0xff,0xff,0xff,0xff,0xea,0xff
    db 0xff,0xff,0xff,0xff,0xff,0xff,0xff,0xff,0xff,0xff,0xff,0xff,0xff,0xff,0xff,0xe4
    db 0xc0,0xc0,0xea,0xc0,0x8c,0x0c,0xee,0x5d,0xff,0xff,0xff,0xff,0xff,0xff,0xff,0xff
    db 0xff,0xff,0xff,0xff,0xff,0xff,0xff,0xff,0xff,0xff,0xff,0xff,0xff,0xff,0xff,0xff
    db 0xff,0xff,0xff,0xff,0xff,0xff,0xff,0xff,0xff,0xff,0xff,0xff,0xff,0xff,0xff,0xff
    db 0xea,0xc0,0xd5,0x48,0xff,0xc8,0x0c,0xdd,0xff,0xff,0xff,0xff,0xff,0xff,0xff,0xff
    db 0xff,0xff,0xff,0xff,0xff,0xff,0xff,0xff,0xff,0xff,0xff,0xff,0xff,0xff,0xff,0xff
    db 0xff,0xff,0xff,0xff,0xff,0xff,0xff,0xff,0xff,0xff,0xff,0xff,0xff,0xff,0xff,0xff
    db 0xff,0xc0,0xff,0x0c,0x0c,0x0c,0x0c,0xff,0xff,0xff,0xff,0xff,0xff,0xff,0xff,0xff
    db 0xff,0xff,0xff,0xff,0xff,0xff,0xff,0xff,0xff,0xff,0xff,0xff,0xff,0xff,0xff,0xff
    db 0xff,0xff,0xff,0xff,0xff,0xff,0xff,0xff,0xff,0xff,0xff,0xff,0xea,0xc0,0xea,0xc0
    db 0xc0,0xea,0x84,0xcc,0x8c,0x8c,0x90,0xff,0xff,0xff,0xff,0xff,0xff,0xff,0xff,0xff
    db 0xff,0xff,0xff,0xff,0xff,0xff,0xff,0xff,0xff,0xff,0xff,0xff,0xff,0xff,0xff,0xff
    db 0xff,0xff,0xff,0xff,0xff,0xff,0xff,0xff,0xd5,0xff,0xff,0xff,0xc0,0xc0,0xff,0xae
    db 0x0c,0xcc,0x8c,0x84,0xcc,0xdd,0xff,0xff,0xff,0xff,0xff,0xff,0xff,0xff,0xff,0xff
    db 0xff,0xff,0xff,0xff,0xff,0xff,0xff,0xff,0xff,0xff,0xff,0xff,0xff,0xff,0xff,0xff
    db 0xff,0xff,0xff,0xff,0xff,0xff,0xff,0xff,0xc0,0xff,0xff,0xea,0x84,0x48,0xff,0x84
    db 0x0c,0x4c,0x8c,0x5d,0x84,0xdd,0xff,0xff,0xff,0xff,0xff,0xff,0xff,0xff,0xff,0xff
    db 0xff,0xff,0xff,0xff,0xff,0xff,0xff,0xff,0xff,0xff,0xff,0xff,0xff,0xff,0xff,0xff
    db 0xff,0xff,0x84,0xea,0xff,0xff,0xff,0xff,0xc0,0xff,0xea,0xc0,0x5d,0x0c,0xd5,0x84
    db 0x0c,0xcc,0x8c,0x0c,0x5d,0xdd,0xff,0xff,0xff,0xff,0xff,0xff,0xff,0xff,0xff,0xff
    db 0xff,0xff,0xff,0xff,0xff,0xff,0xff,0xff,0xff,0xff,0xff,0xff,0xff,0xff,0xff,0xff
    db 0xff,0xff,0xee,0xc0,0xc8,0xd5,0xff,0xff,0xff,0x75,0xc0,0xd5,0x0c,0x0c,0xff,0xc0
    db 0x0c,0x4c,0x8c,0x4c,0x4c,0x8c,0xff,0xff,0xff,0xff,0xff,0xff,0xff,0xff,0xff,0xff
    db 0xff,0xff,0xff,0xff,0xff,0xff,0xff,0xff,0xff,0xff,0xff,0xff,0xff,0xff,0xff,0xff
    db 0xff,0xff,0xee,0xe0,0xcc,0xc0,0xc4,0xff,0xba,0x75,0xc0,0xae,0x0c,0x0c,0xc0,0xff
    db 0x0c,0x0c,0xcc,0x4c,0xcc,0xcc,0xff,0xff,0xff,0xff,0xff,0xff,0xff,0xff,0xff,0xff
    db 0xff,0xff,0xff,0xff,0xff,0xff,0xff,0xff,0xff,0xff,0xff,0xff,0xff,0xff,0xff,0xff
    db 0xff,0xff,0xee,0xc0,0xd8,0xea,0xc4,0xdd,0xba,0x60,0xc0,0x0c,0x0c,0x0c,0xc0,0xff
    db 0xae,0xcc,0xcc,0x8c,0x0c,0xcc,0x5d,0xff,0xff,0xff,0xff,0xff,0xff,0xff,0xff,0xff
    db 0xff,0xff,0xff,0xff,0xff,0xff,0xff,0xff,0xff,0xff,0xff,0xff,0xff,0xff,0xff,0xff
    db 0xff,0xff,0xee,0xd5,0xf0,0xe0,0xc4,0xcc,0xff,0xd5,0x84,0x0c,0x0c,0x5d,0xc0,0xd5
    db 0xea,0xcc,0x8c,0x4c,0x8c,0xcc,0xdd,0xff,0xff,0xff,0xff,0xff,0xff,0xff,0xff,0xff
    db 0xff,0xff,0xff,0xff,0xff,0xff,0xff,0xff,0xff,0xff,0xff,0xff,0xff,0xff,0xff,0xff
    db 0xff,0xff,0xc4,0xdd,0xf0,0xb0,0xc4,0xcc,0xea,0xea,0x5d,0x48,0x48,0xc0,0x48,0xff
    db 0xff,0x64,0xe4,0x4c,0xae,0xcc,0xdd,0xff,0xff,0xff,0xff,0xff,0xff,0xff,0xff,0xff
    db 0xff,0xff,0xff,0xff,0xff,0xff,0xff,0xff,0xff,0xff,0xff,0xff,0xff,0xff,0xff,0xff
    db 0xff,0xff,0xff,0xf5,0x70,0xe4,0xea,0x0c,0xea,0x8c,0x0c,0x0c,0xc0,0xea,0xea,0xff
    db 0xff,0xfa,0xf0,0xff,0xea,0x4c,0xdd,0xff,0xff,0xff,0xff,0xff,0xff,0xff,0xff,0xff
    db 0xff,0xff,0xff,0xff,0xff,0xff,0xff,0xff,0xff,0xff,0xff,0xff,0xff,0xff,0xff,0xff
    db 0xff,0xea,0xae,0xc8,0xae,0x84,0xc0,0xc0,0xc0,0xc0,0x0c,0x0c,0xae,0x84,0xc0,0xff
    db 0xea,0xae,0xe4,0xff,0xff,0xc4,0xcc,0xff,0xff,0xff,0xff,0xff,0xff,0xff,0xff,0xff
    db 0xff,0xff,0xff,0xff,0xff,0xff,0xff,0xff,0xff,0xff,0xff,0xff,0xff,0xff,0xff,0xff
    db 0xff,0xea,0xea,0xc0,0xd5,0xff,0xc0,0xd5,0x48,0x84,0x84,0x84,0x48,0x4c,0x48,0xff
    db 0xea,0x8c,0x0c,0xd5,0xff,0xea,0xcc,0xff,0xff,0xff,0xff,0xff,0xff,0xff,0xff,0xff
    db 0xff,0xff,0xff,0xff,0xff,0xff,0xff,0xff,0xff,0xff,0xff,0xff,0xff,0xff,0xff,0xff
    db 0xff,0xea,0x5d,0x48,0xc0,0xc0,0xc0,0xc0,0x84,0xff,0xae,0x0c,0x84,0x0c,0x48,0xff
    db 0xff,0xcc,0xae,0xff,0xff,0xff,0xfa,0xff,0xff,0xff,0xff,0xff,0xff,0xff,0xff,0xff
    db 0xff,0xff,0xff,0xff,0xff,0xff,0xff,0xff,0xff,0xff,0xff,0xff,0xff,0xff,0xff,0xff
    db 0xff,0xff,0xc0,0xc0,0xea,0xc0,0xea,0x0c,0x0c,0x0c,0x0c,0x48,0x84,0x0c,0xc0,0xff
    db 0xc0,0x64,0xcc,0xff,0xff,0xff,0xff,0xff,0xff,0xff,0xff,0xff,0xff,0xff,0xff,0xff
    db 0xff,0xff,0xff,0xff,0xff,0xff,0xff,0xff,0xff,0xff,0xff,0xff,0xff,0xff,0xff,0xff
    db 0xff,0xff,0xff,0xc0,0xd5,0xc0,0xee,0xae,0x5d,0x48,0xae,0xdd,0xea,0xae,0xc0,0xff
    db 0xcc,0x4c,0xf5,0xff,0xff,0xff,0xff,0xff,0xff,0xff,0xff,0xff,0xff,0xff,0xff,0xff
    db 0xff,0xff,0xff,0xff,0xff,0xff,0xff,0xff,0xff,0xff,0xff,0xff,0xff,0xff,0xff,0xff
    db 0xff,0xff,0xff,0xff,0xd5,0xff,0xc0,0x0c,0x48,0xd5,0xae,0x0c,0xd5,0xea,0xc0,0xff
    db 0xc0,0xff,0xff,0xff,0xff,0xff,0xff,0xff,0xff,0xff,0xff,0xff,0xff,0xff,0xff,0xff
    db 0xff,0xff,0xff,0xff,0xff,0xff,0xff,0xff,0xff,0xff,0xff,0xff,0xff,0xff,0xff,0xff
    db 0xff,0xff,0xff,0xff,0xff,0xff,0xd5,0xc0,0xea,0xd5,0x0c,0x0c,0x0c,0x0c,0x48,0xff
    db 0xff,0xff,0xff,0xff,0xff,0xff,0xff,0xff,0xff,0xff,0xff,0xff,0xff,0xff,0xff,0xff
    db 0xff,0xff,0xff,0xff,0xff,0xff,0xff,0xff,0xff,0xff,0xff,0xff,0xff,0xff,0xff,0xff
    db 0xff,0xff,0xff,0xff,0xff,0xea,0xea,0x0c,0xff,0xd5,0xae,0x0c,0x0c,0xc0,0xff,0xff
    db 0xff,0xff,0xff,0xff,0xff,0xff,0xff,0xff,0xff,0xff,0xff,0xff,0xff,0xff,0xff,0xff
    db 0xff,0xff,0xff,0xff,0xff,0xff,0xff,0xff,0xff,0xff,0xff,0xff,0xff,0xff,0xff,0xff
    db 0xff,0xff,0xff,0xff,0xff,0xff,0xd5,0x0c,0x48,0xd5,0xae,0xc0,0xd5,0xff,0xff,0xff
    db 0xff,0xff,0xff,0xff,0xff,0xff,0xff,0xff,0xff,0xff,0xff,0xff,0xff,0xff,0xff,0xff
    db 0xff,0xff,0xff,0xff,0xff,0xff,0xff,0xff,0xff,0xff,0xff,0xff,0xff,0xff,0xff,0xff
    db 0xff,0xff,0xff,0xff,0xff,0xff,0xea,0xc0,0xff,0xd5,0xd5,0xff,0xff,0xff,0xff,0xff
    db 0xff,0xff,0xff,0xff,0xff,0xff,0xff,0xff,0xff,0xff,0xff,0xff,0xff,0xff,0xff,0xff
    db 0xff,0xff,0xff,0xff,0xff,0xff,0xff,0xff,0xff,0xff,0xff,0xff,0xff,0xff,0xff,0xff
    db 0xff,0xff,0xff,0xff,0xff,0xff,0xea,0xc0,0xff,0xc0,0xff,0xff,0xff,0xff,0xff,0xff
    db 0xff,0xff,0xff,0xff,0xff,0xff,0xff,0xff,0xff,0xff,0xff,0xff,0xff,0xff,0xff,0xff
    db 0xff,0xff,0xff,0xff,0xff,0xff,0xff,0xff,0xff,0xff,0xff,0xff,0xff,0xff,0xff,0xff
    db 0xff,0xff,0xff,0xff,0xff,0xff,0xc0,0xc0,0xff,0xff,0xff,0xff,0xff,0xff,0xff,0xff
    db 0xff,0xff,0xff,0xff,0xff,0xff,0xff,0xff,0xff,0xff,0xff,0xff,0xff,0xff,0xff,0xff
    db 0xff,0xff,0xff,0xff,0xff,0xff,0xff,0xff,0xff,0xff,0xff,0xff,0xff,0xff,0xff,0xff
    db 0xff,0xff,0xff,0xff,0xff,0xff,0xea,0xd5,0xff,0xff,0xff,0xff,0xff,0xff,0xff,0xff
    db 0xff,0xff,0xff,0xff,0xff,0xff,0xff,0xff,0xff,0xff,0xff,0xff,0xff,0xff,0xff,0xff
    db 0xff,0xff,0xff,0xff,0xff,0xff,0xff,0xff,0xff,0xff,0xff,0xff,0xff,0xff,0xff,0xff
    db 0xff,0xff,0xff,0xff,0xff,0xff,0xff,0xff,0xff,0xff,0xff,0xff,0xff,0xff,0xff,0xff
    db 0xff,0xff,0xff,0xff,0xff,0xff,0xff,0xff,0xff,0xff,0xff,0xff,0xff,0xff,0xff,0xff
    db 0xff,0xff,0xff,0xff,0xff,0xff,0xff,0xff,0xff,0xff,0xff,0xff,0xff,0xff,0xff,0xff
    db 0xff,0xff,0xff,0xff,0xff,0xff,0xff,0xff,0xff,0xff,0xff,0xff,0xff,0xff,0xff,0xff
    db 0xff,0xff,0xff,0xff,0xff,0xff,0xff,0xff,0xff,0xff,0xff,0xff,0xff,0xff,0xff,0xff

frame_1:
    db 0xff,0xff,0xff,0xff,0xff,0xff,0xff,0xff,0xff,0xff,0xff,0xff,0xff,0xff,0xff,0xff
    db 0xff,0xff,0xff,0xff,0xff,0xff,0xff,0xff,0xff,0xff,0xff,0xff,0xff,0xff,0xff,0xff
    db 0xff,0xff,0xff,0xff,0xff,0xff,0xff,0xff,0xff,0xff,0xff,0xff,0xff,0xff,0xff,0xff
    db 0xff,0xff,0xff,0xff,0xff,0xff,0xff,0xff,0xff,0xff,0xff,0xff,0xff,0xff,0xff,0xff
    db 0xff,0xff,0xff,0xff,0xff,0xff,0xff,0xff,0xff,0xff,0xff,0xff,0xff,0xff,0xff,0xff
    db 0xff,0xff,0xff,0xff,0xff,0xff,0xff,0xff,0xff,0xff,0xff,0xff,0xff,0xff,0xff,0xff
    db 0xff,0xff,0xff,0xff,0xff,0xff,0xff,0xff,0xff,0xff,0xff,0xff,0xff,0xff,0xff,0xff
    db 0xff,0xff,0xff,0xff,0xff,0xff,0xff,0xff,0xff,0xff,0xff,0xff,0xff,0xff,0xff,0xff
    db 0xff,0xff,0xff,0xff,0xff,0xff,0xff,0xff,0xff,0xff,0xff,0xff,0xff,0xff,0xff,0xff
    db 0xff,0xff,0xff,0xff,0xff,0xff,0xff,0xff,0xff,0xff,0xff,0xff,0xff,0xff,0xff,0xff
    db 0xff,0xff,0xff,0xff,0xff,0xff,0xff,0xff,0xff,0xff,0xff,0xff,0xff,0xff,0xff,0xff
    db 0xff,0xff,0xff,0xff,0xff,0xff,0xff,0xff,0xff,0xff,0xff,0xff,0xff,0xff,0xff,0xff
    db 0xff,0xff,0xff,0xff,0xff,0xff,0xff,0xff,0xff,0xff,0xff,0xff,0xff,0xff,0xff,0xff
    db 0xff,0xff,0xff,0xff,0xff,0xff,0xff,0xff,0xff,0xff,0xff,0xff,0xff,0xff,0xff,0xff
    db 0xff,0xff,0xff,0xff,0xff,0xff,0xff,0xff,0xff,0xff,0xff,0xff,0xff,0xff,0xff,0xff
    db 0xff,0xff,0xff,0xff,0xff,0xff,0xff,0xff,0xff,0xff,0xff,0xff,0xff,0xff,0xff,0xff
    db 0xff,0xff,0xff,0xff,0xff,0xff,0xff,0xff,0xff,0xff,0xff,0xff,0xff,0xff,0xff,0xff
    db 0xff,0xff,0xff,0xff,0xff,0xff,0xff,0xff,0xff,0xff,0xff,0xff,0xff,0xff,0xff,0xff
    db 0xff,0xff,0xff,0xff,0xff,0xff,0xff,0xff,0xff,0xff,0xff,0xff,0xff,0xff,0xff,0xff
    db 0xff,0xff,0xff,0xff,0xff,0xff,0xff,0xff,0xff,0xff,0xff,0xff,0xff,0xff,0xff,0xff
    db 0xff,0xff,0xff,0xff,0xff,0xff,0xff,0xff,0xff,0xff,0xff,0xff,0xff,0xff,0xff,0xff
    db 0xff,0xff,0xff,0xff,0xff,0xff,0xff,0xff,0xff,0xff,0xff,0xff,0xff,0xff,0xff,0xff
    db 0xff,0xff,0xff,0xff,0xff,0xff,0xff,0xff,0xff,0x84,0xdd,0xff,0xff,0xff,0xff,0xff
    db 0xff,0xff,0xff,0xff,0xff,0xff,0xff,0xff,0xff,0xff,0xff,0xff,0xff,0xff,0xff,0xff
    db 0xff,0xff,0xff,0xff,0xff,0xff,0xff,0xff,0xff,0xff,0xff,0xff,0xff,0xff,0xff,0xff
    db 0xff,0xff,0xff,0xff,0xff,0xff,0xff,0xff,0xf0,0x84,0xcc,0xff,0xff,0xff,0xff,0xff
    db 0xff,0xff,0xff,0xff,0xff,0xff,0xff,0xff,0xff,0xff,0xff,0xff,0xff,0xff,0xff,0xff
    db 0xff,0xff,0xff,0xff,0xff,0xff,0xff,0xff,0xff,0xff,0xff,0xff,0xff,0xff,0xff,0xff
    db 0xff,0xff,0xff,0xff,0xff,0xff,0xff,0xee,0xf0,0xe4,0xcc,0xdd,0xff,0xff,0xff,0xff
    db 0xff,0xff,0xff,0xff,0xff,0xff,0xff,0xff,0xff,0xff,0xff,0xff,0xff,0xff,0xff,0xff
    db 0xff,0xff,0xff,0xff,0xff,0xff,0xff,0xff,0xff,0xff,0xff,0xff,0xff,0xff,0xff,0xff
    db 0xff,0xff,0xff,0xff,0xff,0xff,0xff,0xba,0xf0,0xe0,0xcc,0xcc,0xff,0xff,0xff,0xff
    db 0xff,0xff,0xff,0xff,0xff,0xff,0xff,0xff,0xff,0xff,0xff,0xff,0xff,0xff,0xff,0xff
    db 0xff,0xff,0xff,0xff,0xff,0xff,0xff,0xff,0xff,0xff,0xff,0xff,0xff,0xff,0xff,0xff
    db 0xff,0xff,0xff,0xff,0xff,0xff,0xff,0xff,0xf0,0xe0,0x4c,0xcc,0xdd,0xff,0xff,0xff
    db 0xff,0xff,0xff,0xff,0xff,0xff,0xff,0xff,0xff,0xff,0xff,0xff,0xff,0xff,0xff,0xff
    db 0xff,0xff,0xff,0xff,0xff,0xff,0xff,0xff,0xff,0xff,0xff,0xff,0xff,0xff,0xff,0xff
    db 0xff,0xff,0xff,0xff,0xff,0xff,0xff,0xba,0xd8,0xf0,0xae,0x0c,0xcc,0xff,0xff,0xff
    db 0xff,0xff,0xff,0xff,0xff,0xff,0xff,0xff,0xff,0xff,0xff,0xff,0xff,0xff,0xff,0xff
    db 0xff,0xff,0xff,0xff,0xff,0xff,0xff,0xff,0xff,0xff,0xff,0xff,0xff,0xff,0xff,0xff
    db 0xff,0xff,0xff,0xff,0xff,0xff,0xff,0xff,0x30,0xc8,0x84,0x0c,0x4c,0xdd,0xff,0xff
    db 0xff,0xff,0xff,0xff,0xff,0xff,0xff,0xff,0xff,0xff,0xff,0xff,0xff,0xff,0xff,0xff
    db 0xff,0xff,0xff,0xff,0xff,0xff,0xff,0xff,0xff,0xff,0xff,0xff,0xff,0xff,0xff,0xff
    db 0xff,0xff,0xff,0xff,0xff,0xff,0xff,0xff,0xff,0xc0,0xc0,0xae,0xcc,0xdd,0xff,0xff
    db 0xff,0xff,0xff,0xff,0xff,0xff,0xff,0xff,0xff,0xff,0xff,0xff,0xff,0xff,0xff,0xff
    db 0xff,0xff,0xff,0xff,0xff,0xff,0xff,0xff,0xff,0xff,0xff,0xff,0xff,0xff,0xff,0xff
    db 0xff,0xff,0xff,0xff,0xff,0xff,0xff,0xff,0xff,0xd5,0xea,0x84,0x4c,0xdd,0xff,0xff
    db 0xff,0xd5,0xff,0xff,0xff,0xff,0xff,0xff,0xff,0xff,0xff,0xff,0xff,0xff,0xff,0xff
    db 0xff,0xff,0xff,0xff,0xff,0xff,0xff,0xff,0xff,0xff,0xff,0xff,0x4c,0xcc,0xcc,0xcc
    db 0xff,0xff,0xff,0xff,0xff,0xff,0xff,0xff,0xff,0xff,0xff,0xc0,0x0c,0x5d,0xae,0xcc
    db 0xf0,0xe0,0x5d,0xff,0xff,0xff,0xff,0xff,0xff,0xff,0xff,0xff,0xff,0xff,0xff,0xff
    db 0xff,0xff,0xff,0xff,0xff,0xff,0xff,0xff,0xff,0xff,0xff,0xae,0x0c,0xcc,0xcc,0xcc
    db 0xcc,0xff,0xff,0xff,0xff,0xff,0xff,0xff,0xff,0xff,0xea,0xff,0x0c,0x58,0xff,0xcc
    db 0xcc,0xd8,0x84,0xff,0xff,0xff,0xff,0xff,0xff,0xff,0xff,0xff,0xff,0xff,0xff,0xff
    db 0xff,0xff,0xff,0xff,0xff,0xff,0xff,0xff,0xff,0xff,0xff,0xc8,0x0c,0xcc,0xcc,0xcc
    db 0xcc,0xcc,0xcc,0xff,0xff,0xff,0xff,0xff,0xff,0xff,0xea,0xea,0x0c,0x58,0x60,0x4c
    db 0xcc,0xcc,0xcc,0xdd,0xff,0xff,0xff,0xff,0xff,0xff,0xff,0xff,0xff,0xff,0xff,0xff
    db 0xff,0xff,0xff,0xff,0xff,0xff,0xff,0xff,0xff,0xff,0xfa,0xe4,0x0c,0xcc,0xcc,0xcc
    db 0xcc,0xcc,0xcc,0xdd,0xff,0xff,0xff,0xff,0xff,0xff,0xba,0xea,0x0c,0xd8,0xf5,0x84
    db 0xcc,0xcc,0xcc,0xcc,0xff,0xff,0xff,0xff,0xff,0xff,0xff,0xff,0xff,0xff,0xff,0xff
    db 0xff,0xff,0xff,0xff,0xff,0xff,0xff,0xff,0xff,0xff,0xd0,0xf0,0x84,0x4c,0xcc,0xcc
    db 0xcc,0xcc,0xcc,0xcc,0xcc,0xff,0xff,0xff,0xff,0xff,0xee,0xd5,0x5d,0xd8,0xe0,0xff
    db 0x4c,0xcc,0xcc,0xcc,0xdd,0xff,0xff,0xff,0xff,0xff,0xff,0xff,0xff,0xff,0xff,0xff
    db 0xff,0xff,0xff,0xff,0xff,0xff,0xff,0xff,0xff,0xff,0xc4,0xf0,0xf5,0x0c,0xcc,0xcc
    db 0xcc,0xcc,0xcc,0xcc,0xcc,0xdd,0xff,0xff,0xff,0xff,0xee,0xd5,0x5d,0xfa,0xf0,0xea
    db 0x4c,0xcc,0xcc,0xcc,0x4c,0xff,0xff,0xff,0xff,0xff,0xff,0xff,0xff,0xff,0xff,0xff
    db 0xff,0xff,0xff,0xff,0xff,0xff,0xff,0xff,0xff,0xff,0xee,0xd8,0xf0,0xd5,0x0c,0x0c
    db 0x0c,0x0c,0x0c,0xcc,0xcc,0xcc,0xff,0xff,0xff,0xff,0xee,0x84,0x5d,0xfa,0xf0,0xf5
    db 0xee,0x8c,0x0c,0xcc,0xcc,0xff,0xff,0xff,0xff,0xff,0xff,0xff,0xff,0xff,0xff,0xff
    db 0xff,0xff,0xff,0xff,0xff,0xff,0xff,0xff,0xff,0xff,0xff,0xcc,0xd8,0xd5,0x0c,0xc0
    db 0xff,0xea,0xae,0x4c,0xcc,0xcc,0xdd,0xff,0xff,0xff,0xba,0xae,0x5d,0xee,0xd8,0xb0
    db 0x84,0x0c,0x0c,0x4c,0xcc,0x5d,0xff,0xff,0xff,0xff,0xff,0xff,0xff,0xff,0xff,0xff
    db 0xff,0xff,0xff,0xff,0xff,0xff,0xff,0xff,0xff,0xff,0xff,0x30,0xcc,0xc0,0xea,0x0c
    db 0xea,0xd5,0xae,0x0c,0x0c,0xcc,0xcc,0xff,0xff,0xff,0x30,0x0c,0x5d,0xba,0xcc,0xe4
    db 0xea,0x0c,0x0c,0x4c,0xcc,0xdd,0xff,0xff,0xff,0xff,0xff,0xff,0xff,0xff,0xff,0xff
    db 0xff,0xff,0xff,0xff,0xff,0xff,0xff,0xff,0xff,0xff,0xff,0xff,0xba,0xd5,0xc0,0xc0
    db 0xc0,0xc0,0xae,0x0c,0x4c,0xcc,0xcc,0xcc,0xff,0xff,0xdd,0x0c,0x5d,0xff,0x30,0xcc
    db 0xea,0x5d,0xea,0xae,0xcc,0xdd,0xff,0xff,0xff,0xff,0xff,0xff,0xff,0xff,0xff,0xff
    db 0xff,0xff,0xff,0xff,0xff,0xff,0xff,0xff,0xff,0xff,0xff,0xff,0xea,0xc0,0xff,0xff
    db 0xea,0x5d,0xc0,0xd5,0xae,0x4c,0xcc,0xcc,0x5d,0xee,0x24,0x0c,0x0c,0xff,0xba,0x30
    db 0xea,0xea,0xd5,0xea,0x4c,0xcc,0xff,0xff,0xff,0xff,0xff,0xff,0xff,0xff,0xff,0xff
    db 0xff,0xff,0xff,0xff,0xff,0xff,0xff,0xff,0xff,0xff,0xff,0xff,0xff,0xff,0xff,0xff
    db 0xff,0x64,0x75,0xea,0xc0,0x0c,0xcc,0xcc,0x5d,0xee,0xae,0x0c,0x0c,0xff,0xff,0xff
    db 0xea,0xd5,0xd5,0xff,0x84,0xcc,0xff,0xff,0xff,0xff,0xff,0xff,0xff,0xff,0xff,0xff
    db 0xff,0xff,0xff,0xff,0xff,0xff,0xff,0xff,0xff,0xff,0xff,0xff,0xff,0xff,0xff,0xff
    db 0xff,0xff,0xff,0x30,0xea,0x84,0xcc,0xcc,0x8c,0x30,0x4c,0x0c,0x0c,0xff,0xff,0xff
    db 0xea,0xff,0xea,0xff,0xea,0x4c,0xdd,0xff,0xff,0xff,0xff,0xff,0xff,0xff,0xff,0xff
    db 0xff,0xff,0xff,0xff,0xff,0xff,0xff,0xff,0xff,0xff,0xff,0xff,0xff,0xff,0xff,0xff
    db 0xff,0xff,0xff,0xee,0xdd,0xea,0x0c,0xcc,0xcc,0xdd,0x0c,0x0c,0x5d,0xff,0xff,0xff
    db 0xff,0xff,0xff,0xff,0xff,0x84,0xdd,0xff,0xff,0xff,0xff,0xff,0xff,0xff,0xff,0xff
    db 0xff,0xff,0xff,0xff,0xff,0xff,0xff,0xff,0xff,0xff,0xff,0xff,0xff,0xff,0xff,0xff
    db 0xff,0xff,0xff,0xff,0x75,0xc0,0xae,0xcc,0xcc,0x8c,0x8c,0x0c,0x5d,0xff,0xc0,0xff
    db 0x84,0xff,0xff,0xc0,0xff,0x84,0xcc,0xff,0xff,0xff,0xff,0xff,0xff,0xff,0xff,0xff
    db 0xff,0xff,0xff,0xff,0xff,0xff,0xff,0xff,0xff,0xff,0xff,0xff,0xff,0xff,0xff,0xff
    db 0x4c,0x8c,0xff,0xff,0xea,0xea,0xae,0xcc,0xcc,0x0c,0x4c,0xcc,0xff,0xff,0xff,0xff
    db 0xea,0xff,0xff,0xc0,0xff,0xae,0x4c,0xff,0xff,0xff,0xff,0xff,0xff,0xff,0xff,0xff
    db 0xff,0xff,0xff,0xff,0xff,0xff,0xff,0xff,0xff,0xff,0xff,0xff,0xff,0xff,0xee,0xe0
    db 0x4c,0xcc,0xcc,0x0c,0xdd,0xd5,0x84,0x4c,0xcc,0x4c,0xcc,0xcc,0xff,0xff,0xff,0xff
    db 0xea,0x5d,0xff,0xc0,0xc0,0xc0,0x0c,0xff,0xff,0xff,0xff,0xff,0xff,0xff,0xff,0xff
    db 0xff,0xff,0xff,0xff,0xff,0xff,0xff,0xff,0xff,0xff,0xff,0xff,0xff,0xff,0xfa,0xe0
    db 0xcc,0xcc,0xd8,0xcc,0xcc,0xff,0xae,0x4c,0xcc,0x8c,0xcc,0xcc,0xdd,0xff,0xff,0xff
    db 0xba,0x84,0xba,0xc0,0xc0,0xd5,0x0c,0xff,0xff,0xff,0xff,0xff,0xff,0xff,0xff,0xff
    db 0xff,0xff,0xff,0xff,0xff,0xff,0xff,0xff,0xff,0xff,0xff,0xff,0xff,0xff,0xd8,0xe0
    db 0xcc,0xcc,0x8c,0xcc,0xcc,0xcc,0xcc,0x0c,0xcc,0xcc,0x8c,0x8c,0xf5,0xff,0xff,0xff
    db 0xff,0xff,0xff,0xc0,0xc0,0x84,0x0c,0xff,0xff,0xff,0xff,0xff,0xff,0xff,0xff,0xff
    db 0xff,0xff,0xff,0xff,0xff,0xff,0xff,0xff,0xff,0xff,0xff,0xff,0xff,0xff,0x70,0xe0
    db 0xcc,0x8c,0xcc,0x0c,0x8c,0x4c,0xcc,0xcc,0xba,0xcc,0x4c,0x5d,0xff,0xff,0xff,0xff
    db 0xff,0xea,0xd5,0xea,0xc0,0x84,0x0c,0xff,0xff,0xff,0xff,0xff,0xff,0xff,0xff,0xff
    db 0xff,0xff,0xff,0xff,0xff,0xff,0xff,0xff,0xff,0xff,0xff,0xff,0xff,0xff,0x70,0xf5
    db 0x4c,0x8c,0x0c,0x0c,0x0c,0x4c,0x4c,0x0c,0xea,0xff,0x4c,0x5d,0xd5,0xff,0xff,0xff
    db 0xff,0xff,0xd5,0xc0,0xff,0x84,0x0c,0xff,0xff,0xff,0xff,0xff,0xff,0xff,0xff,0xff
    db 0xff,0xff,0xff,0xff,0xff,0xff,0xff,0xff,0xff,0xff,0xff,0xff,0xff,0xff,0xee,0xb0
    db 0x84,0x0c,0x4c,0x0c,0x0c,0x0c,0x0c,0x0c,0xea,0xff,0xba,0x75,0xff,0xff,0xff,0xff
    db 0xff,0xff,0xff,0xea,0xea,0xff,0x0c,0xff,0xff,0xff,0xff,0xff,0xff,0xff,0xff,0xff
    db 0xff,0xff,0xff,0xff,0xff,0xff,0xff,0xff,0xff,0xff,0xff,0xff,0xff,0xff,0xba,0x98
    db 0xd5,0x0c,0x0c,0x0c,0x0c,0x0c,0x5d,0x0c,0xc0,0xff,0xff,0xc4,0xd5,0xff,0xff,0xff
    db 0xff,0xff,0xba,0xea,0xc0,0xae,0x5d,0xff,0xff,0xff,0xff,0xff,0xff,0xff,0xff,0xff
    db 0xff,0xff,0xff,0xff,0xff,0xff,0xff,0xff,0xff,0xff,0xff,0xff,0xff,0xff,0xff,0x30
    db 0xc0,0xae,0xff,0xff,0x0c,0x0c,0x0c,0xea,0xc0,0xff,0xff,0xff,0xee,0xff,0xff,0xff
    db 0xff,0xff,0xba,0xc0,0xc0,0x84,0x0c,0xff,0xff,0xff,0xff,0xff,0xff,0xff,0xff,0xff
    db 0xff,0xff,0xff,0xff,0xff,0xff,0xff,0xff,0xff,0xff,0xff,0xff,0xff,0xff,0xff,0xff
    db 0xea,0xd5,0xc0,0xc0,0xc0,0xc0,0xd5,0xc0,0xc0,0xff,0xff,0xea,0xd5,0x5d,0xff,0xff
    db 0xff,0xff,0xba,0xc0,0xc0,0x5d,0x84,0xdd,0xff,0xff,0xff,0xff,0xff,0xff,0xff,0xff
    db 0xff,0xff,0xff,0xff,0xff,0xff,0xff,0xff,0xff,0xff,0xff,0xff,0xff,0xff,0xff,0xff
    db 0xff,0xc0,0xff,0xff,0xff,0xff,0xff,0xff,0xff,0xff,0xff,0xea,0xc0,0xc0,0xff,0xff
    db 0xff,0xba,0xea,0xd5,0xd5,0xc0,0x0c,0x58,0xff,0xff,0xff,0xff,0xff,0xff,0xff,0xff
    db 0xff,0xff,0xff,0xff,0xff,0xff,0xff,0xff,0xff,0xff,0xff,0xff,0xff,0xff,0xff,0xff
    db 0xff,0xff,0x48,0xc4,0xcc,0x0c,0xd5,0xff,0xff,0xff,0xff,0xff,0xc0,0x84,0xdd,0xff
    db 0xff,0xba,0x60,0xff,0xc0,0x84,0x48,0xff,0xff,0xff,0xff,0xff,0xff,0xff,0xff,0xff
    db 0xff,0xff,0xff,0xff,0xff,0xff,0xff,0xff,0xff,0xff,0xff,0xff,0xff,0xff,0xff,0xff
    db 0xdd,0x8c,0x48,0x90,0x0c,0xff,0xc0,0xff,0xff,0xff,0xff,0xd5,0xc0,0xc0,0x5d,0xff
    db 0xff,0xba,0x60,0xff,0xd5,0x5d,0x48,0x5d,0xff,0xff,0xff,0xff,0xff,0xff,0xff,0xff
    db 0xff,0xff,0xff,0xff,0xff,0xff,0xff,0xff,0xff,0xff,0xff,0xff,0xff,0xff,0xff,0xff
    db 0x8c,0x0c,0x5d,0x90,0xff,0xc0,0xc0,0xff,0xff,0xea,0xc0,0xc0,0xc0,0xc0,0xd5,0xff
    db 0xff,0x30,0xd5,0xea,0xff,0x84,0xff,0x5d,0xff,0xff,0xff,0xff,0xff,0xff,0xff,0xff
    db 0xff,0xff,0xff,0xff,0xff,0xff,0xff,0xff,0xff,0xff,0xff,0xff,0xff,0xff,0xff,0xff
    db 0x75,0x0c,0xdd,0xd5,0x48,0xc0,0xc0,0xff,0x84,0xdd,0xc0,0xc0,0xc0,0xc0,0xd5,0xff
    db 0xff,0x60,0xc0,0xc0,0xc0,0x0c,0x0c,0x4c,0xff,0xff,0xff,0xff,0xff,0xff,0xff,0xff
    db 0xff,0xff,0xff,0xff,0xff,0xff,0xff,0xff,0xff,0xff,0xff,0xff,0xff,0xff,0xff,0xff
    db 0xea,0x5d,0xc8,0xea,0xc0,0xc0,0xd8,0xe4,0xee,0xcc,0x48,0xc0,0xea,0xc0,0x4c,0x18
    db 0x75,0xc0,0xd5,0xc0,0xd5,0x5d,0x0c,0xae,0xff,0xff,0xff,0xff,0xff,0xff,0xff,0xff
    db 0xff,0xff,0xff,0xff,0xff,0xff,0xff,0xff,0xff,0xff,0xff,0xff,0xff,0xff,0xff,0xff
    db 0xff,0xae,0x48,0xc0,0x90,0x75,0xf0,0xe0,0x4c,0xcc,0x8c,0x0c,0x48,0xc0,0xae,0x30
    db 0x60,0xd5,0xff,0xc0,0x84,0x0c,0x5d,0x0c,0xff,0xff,0xff,0xff,0xff,0xff,0xff,0xff
    db 0xff,0xff,0xff,0xff,0xff,0xff,0xff,0xff,0xff,0xff,0xff,0xff,0xff,0xff,0xff,0xff
    db 0xba,0xff,0x60,0xd5,0xff,0x90,0xf0,0xe0,0x4c,0xcc,0x8c,0x0c,0x0c,0x4c,0x8c,0x30
    db 0x60,0xc0,0xea,0xc0,0x84,0x0c,0xae,0x0c,0xff,0xff,0xff,0xff,0xff,0xff,0xff,0xff
    db 0xff,0xff,0xff,0xff,0xff,0xff,0xff,0xff,0xff,0xff,0xff,0xff,0xff,0xff,0xff,0xff
    db 0xff,0xc0,0xff,0xff,0xc0,0x90,0xf0,0xc0,0xee,0xcc,0x8c,0xd8,0x0c,0x4c,0xcc,0xcc
    db 0xcc,0xc8,0xc0,0xc0,0x8c,0x48,0xd5,0xea,0xff,0xff,0xff,0xff,0xff,0xff,0xff,0xff
    db 0xff,0xff,0xff,0xff,0xff,0xff,0xff,0xff,0xff,0xff,0xff,0xff,0xff,0xff,0xff,0xff
    db 0xff,0xd5,0xd5,0xc0,0x60,0xba,0xf0,0xc0,0x0c,0x4c,0x0c,0x5d,0x4c,0x4c,0xa4,0xcc
    db 0xcc,0xcc,0x8c,0x84,0x0c,0x0c,0xc0,0xd5,0xff,0xff,0xff,0xff,0xff,0xff,0xff,0xff
    db 0xff,0xff,0xff,0xff,0xff,0xff,0xff,0xff,0xff,0xff,0xff,0xff,0xff,0xff,0xff,0xff
    db 0x30,0x60,0xc0,0x90,0xff,0xc4,0xf0,0xff,0x4c,0xcc,0xe4,0xae,0x0c,0x0c,0x0c,0xcc
    db 0xcc,0xcc,0xcc,0xcc,0xcc,0x5d,0xff,0x4c,0xf5,0xff,0xff,0xff,0xff,0xff,0xff,0xff
    db 0xff,0xff,0xff,0xff,0xff,0xff,0xff,0xff,0xff,0xff,0xff,0xff,0xff,0xff,0xea,0xd5
    db 0x30,0x60,0xea,0xee,0xdd,0x90,0xd8,0xea,0x0c,0x4c,0xa4,0x0c,0x0c,0xff,0x84,0x4c
    db 0x0c,0xcc,0x8c,0xcc,0x8c,0xcc,0xea,0xc0,0xdd,0xff,0xff,0xff,0xff,0xff,0xff,0xff
    db 0xff,0xff,0xff,0xff,0xff,0xff,0xff,0xff,0xff,0xff,0xff,0xff,0xff,0xff,0xc0,0xff
    db 0xba,0x75,0x48,0xba,0xc0,0xba,0xcc,0xea,0xae,0x5d,0xae,0x5d,0xff,0xc0,0x84,0x0c
    db 0x0c,0x4c,0x4c,0xcc,0xcc,0xcc,0xdd,0xc0,0xd5,0xff,0xff,0xff,0xff,0xff,0xff,0xff
    db 0xff,0xff,0xff,0xff,0xff,0xff,0xff,0xff,0xff,0xff,0xff,0xff,0xff,0xea,0xea,0xea
    db 0xff,0x48,0x8c,0xea,0xd5,0xff,0x30,0xea,0xd5,0xff,0x0c,0x5d,0xff,0xc0,0x84,0x0c
    db 0xae,0x0c,0x4c,0xcc,0xcc,0xd8,0xd8,0x48,0xc0,0xff,0xff,0xff,0xff,0xff,0xff,0xff
    db 0xff,0xff,0xff,0xff,0xff,0xff,0xff,0xff,0xff,0xff,0xff,0xff,0xff,0xff,0xea,0xea
    db 0xea,0xae,0xd5,0x5d,0xd5,0x75,0xff,0xea,0xc0,0x84,0x5d,0xc0,0xc0,0xc0,0xc0,0xd5
    db 0x5d,0xae,0x0c,0x0c,0x4c,0xcc,0x0c,0xc0,0xdd,0xff,0xff,0xff,0xff,0xff,0xff,0xff
    db 0xff,0xff,0xff,0xff,0xff,0xff,0xff,0xff,0xff,0xff,0xff,0xff,0xff,0xc0,0xc0,0xd5
    db 0x60,0x8c,0x0c,0x5d,0xd5,0xff,0xff,0xff,0xc0,0xc0,0xc0,0xc0,0xea,0xc0,0xea,0xc0
    db 0xc0,0xd5,0x0c,0x0c,0x0c,0xcc,0xcc,0xcc,0xcc,0xff,0xff,0xff,0xff,0xff,0xff,0xff
    db 0xff,0xff,0xff,0xff,0xff,0xff,0xff,0xff,0xff,0xff,0xff,0xff,0xff,0xba,0xd5,0xc4
    db 0xdd,0xcc,0xee,0x5d,0xc0,0xea,0xff,0xff,0xc0,0xd5,0xff,0xff,0xff,0xea,0xd5,0xea
    db 0xc0,0xd5,0xae,0x0c,0x5d,0xae,0x5d,0xcc,0xcc,0xff,0xff,0xff,0xff,0xff,0xff,0xff
    db 0xff,0xff,0xff,0xff,0xff,0xff,0xff,0xff,0xff,0xff,0xff,0xff,0xea,0xc0,0x84,0xee
    db 0xdd,0x0c,0xe4,0xae,0x48,0xc0,0xff,0xd5,0xff,0x0c,0xdd,0x0c,0xc8,0x48,0x0c,0x5d
    db 0xff,0xff,0xc0,0xc0,0xea,0xc0,0xee,0xa4,0xcc,0xff,0xff,0xff,0xff,0xff,0xff,0xff
    db 0xff,0xff,0xff,0xff,0xff,0xff,0xff,0xff,0xff,0xff,0xff,0xff,0xea,0xc0,0xd5,0xd5
    db 0x5d,0x48,0x24,0x4c,0x48,0xff,0xea,0xd5,0xc0,0x0c,0x5d,0x0c,0x5d,0x48,0xae,0x0c
    db 0x18,0xff,0xff,0xff,0xd5,0xc0,0x84,0xa4,0xcc,0xdd,0xff,0xff,0xff,0xff,0xff,0xff
    db 0xff,0xff,0xff,0xff,0xff,0xff,0xff,0xff,0xff,0xff,0xff,0xff,0xff,0xc0,0xc0,0xc0
    db 0xc0,0x84,0x48,0x4c,0xdd,0xea,0xc0,0x4c,0xcc,0x0c,0xc0,0xd5,0x0c,0x4c,0x5d,0xc0
    db 0x30,0xff,0xff,0xff,0xea,0xc0,0xc0,0x84,0x8c,0xdd,0xff,0xff,0xff,0xff,0xff,0xff
    db 0xff,0xff,0xff,0xff,0xff,0xff,0xff,0xff,0xff,0xff,0xff,0xff,0xd5,0xcc,0xf0,0xb0
    db 0xff,0xc0,0x4c,0x0c,0x8c,0x0c,0xea,0xea,0xba,0xc0,0xea,0x0c,0x48,0xd5,0x48,0xc0
    db 0x75,0xff,0xff,0xff,0xff,0xff,0xea,0xea,0xc4,0x5d,0xff,0xff,0xff,0xff,0xff,0xff
    db 0xff,0xff,0xff,0xff,0xff,0xff,0xff,0xff,0xff,0xff,0xff,0xff,0x64,0xf0,0xf0,0xf0
    db 0xb0,0xc4,0xee,0x0c,0x4c,0x58,0xdd,0xea,0xff,0xc0,0xc0,0xd5,0xc0,0xc0,0xc0,0xd5
    db 0xff,0xff,0xff,0xff,0xff,0xea,0xc0,0xc0,0x8c,0xcc,0xff,0xff,0xff,0xff,0xff,0xff
    db 0xff,0xff,0xff,0xff,0xff,0xff,0xff,0xff,0xff,0xff,0xff,0xea,0xd8,0xf0,0xf0,0xf0
    db 0xa4,0xae,0x0c,0x4c,0x8c,0x48,0xd5,0xff,0xff,0xea,0xd5,0xc0,0xc0,0xc0,0xd5,0xff
    db 0xff,0xff,0xff,0xff,0xff,0xff,0xc0,0x84,0xae,0xa4,0xff,0xff,0xff,0xff,0xff,0xff
    db 0xff,0xff,0xff,0xff,0xff,0xff,0xff,0xff,0xff,0xff,0xff,0xba,0x64,0xf0,0xf0,0xf0
    db 0x84,0xae,0x0c,0x4c,0x48,0xd5,0xff,0xff,0xff,0xff,0xff,0xea,0xd5,0xff,0xff,0xff
    db 0xff,0xff,0xff,0xff,0xff,0xff,0xea,0x48,0xd5,0xdd,0xff,0xff,0xff,0xff,0xff,0xff
    db 0xff,0xff,0xff,0xff,0xff,0xff,0xff,0xff,0xff,0xff,0xff,0xff,0x64,0xd8,0xf0,0xa4
    db 0x0c,0x0c,0x4c,0x8c,0xea,0xff,0xff,0xff,0xff,0xff,0xff,0xff,0xff,0xff,0xff,0xff
    db 0xff,0xff,0xff,0xff,0xff,0xff,0xea,0xc0,0x5d,0xae,0xff,0xff,0xff,0xff,0xff,0xff
    db 0xff,0xff,0xff,0xff,0xff,0xff,0xff,0xff,0xff,0xff,0xff,0xff,0x30,0xcc,0xcc,0xae
    db 0xae,0xff,0x8c,0xff,0xc0,0xc0,0xff,0xff,0xff,0xff,0xff,0xff,0xff,0xff,0xea,0xff
    db 0xff,0xea,0xc0,0xff,0xff,0xff,0xea,0xc0,0xc0,0x48,0x5d,0xff,0xff,0xff,0xff,0xff
    db 0xff,0xff,0xff,0xff,0xff,0xff,0xff,0xff,0xff,0xff,0xff,0xff,0xff,0x30,0xd5,0x0c
    db 0xea,0xc0,0xd5,0xea,0xc0,0xc0,0xff,0xff,0xff,0xff,0xc0,0xff,0xff,0xc0,0xc0,0xc0
    db 0xc0,0xc0,0xc0,0xd5,0xc0,0xc0,0xd5,0x84,0xae,0xee,0xdd,0xff,0xff,0xff,0xff,0xff
    db 0xff,0xff,0xff,0xff,0xff,0xff,0xff,0xff,0xff,0xff,0xff,0xff,0xd5,0x84,0xff,0xc0
    db 0xff,0xff,0xc0,0xd5,0xc0,0xc0,0xff,0xff,0xff,0xea,0xea,0xc0,0xff,0xc0,0xd5,0xc0
    db 0xc0,0xc0,0x0c,0x0c,0xff,0xea,0xd5,0x0c,0x48,0x4c,0xff,0xff,0xff,0xff,0xff,0xff
    db 0xff,0xff,0xff,0xff,0xff,0xff,0xff,0xff,0xff,0xff,0xff,0xff,0xff,0xc0,0xd5,0xff
    db 0xff,0xd5,0xc0,0xd5,0x90,0x75,0xff,0xff,0xff,0xff,0xc0,0xc0,0xc0,0xc4,0x8c,0x5d
    db 0xea,0x4c,0xcc,0x8c,0x0c,0x0c,0x84,0x5d,0xee,0x0c,0xff,0xff,0xff,0xff,0xff,0xff
    db 0xff,0xff,0xff,0xff,0xff,0xff,0xff,0xff,0xff,0xff,0xff,0xff,0xff,0xff,0xea,0xff
    db 0xff,0xea,0xc0,0xd5,0x30,0xff,0xff,0xff,0xff,0xff,0xc0,0xc0,0x0c,0xcc,0xcc,0x4c
    db 0x8c,0x4c,0xcc,0xcc,0x8c,0x0c,0x5d,0x5d,0xff,0x4c,0xff,0xff,0xff,0xff,0xff,0xff
    db 0xff,0xff,0xff,0xff,0xff,0xff,0xff,0xff,0xff,0xff,0xff,0xff,0xff,0xff,0xea,0xff
    db 0xd5,0xff,0xc0,0xff,0x30,0x75,0xff,0xff,0xff,0xba,0xc0,0xc0,0x84,0xee,0x8c,0xcc
    db 0xdd,0xc4,0xcc,0xcc,0xcc,0x8c,0x48,0x4c,0xc0,0x4c,0xff,0xff,0xff,0xff,0xff,0xff
    db 0xff,0xff,0xff,0xff,0xff,0xff,0xff,0xff,0xff,0xff,0xff,0xff,0xff,0xc0,0xc0,0xff
    db 0xd5,0xc0,0x90,0xff,0xba,0xff,0xff,0xff,0xff,0xff,0xff,0xea,0xd5,0xff,0xae,0xcc
    db 0x48,0x0c,0xcc,0xcc,0x8c,0x0c,0x0c,0x0c,0x48,0x4c,0xff,0xff,0xff,0xff,0xff,0xff
    db 0xff,0xff,0xff,0xff,0xff,0xff,0xff,0xff,0xff,0xff,0xff,0xff,0xea,0xff,0xd5,0xff
    db 0xff,0xff,0x30,0x75,0xba,0xff,0xff,0xff,0xff,0xff,0xea,0x4c,0xc8,0xc0,0xee,0xa4
    db 0x84,0x0c,0xcc,0xcc,0x0c,0x0c,0x0c,0xcc,0x0c,0x0c,0xff,0xff,0xff,0xff,0xff,0xff
    db 0xff,0xff,0xff,0xff,0xff,0xff,0xff,0xff,0xff,0xff,0xff,0xff,0xff,0xd5,0xff,0xff
    db 0x30,0xff,0xba,0xff,0xba,0xff,0xff,0xff,0xff,0xff,0xff,0xee,0x4c,0xc4,0xba,0xa4
    db 0x8c,0x4c,0x4c,0x8c,0x8c,0x4c,0x4c,0xd5,0xff,0xff,0xff,0xff,0xff,0xff,0xff,0xff
    db 0xff,0xff,0xff,0xff,0xff,0xff,0xff,0xff,0xff,0xff,0xff,0xff,0xff,0x30,0x75,0xff
    db 0xba,0xff,0xff,0xd5,0xff,0xff,0xff,0xff,0xff,0xff,0xff,0xff,0xff,0x90,0xc0,0xc8
    db 0x8c,0x8c,0xc0,0xff,0xea,0xea,0xc4,0x0c,0xcc,0xff,0xff,0xff,0xff,0xff,0xff,0xff
    db 0xff,0xff,0xff,0xff,0xff,0xff,0xff,0xff,0xff,0xff,0xff,0xff,0xff,0x30,0xff,0xff
    db 0xff,0xff,0xea,0xd5,0xff,0xff,0xff,0xff,0xff,0xff,0xff,0xff,0xff,0xd5,0xa4,0xcc
    db 0x8c,0x48,0xc0,0xd5,0xae,0xae,0x48,0xcc,0xdd,0xff,0xff,0xff,0xff,0xff,0xff,0xff
    db 0xff,0xff,0xff,0xff,0xff,0xff,0xff,0xff,0xff,0xff,0xff,0xff,0xff,0x75,0x30,0xff
    db 0xba,0xff,0xff,0xd5,0xff,0xff,0xff,0xff,0xff,0xff,0xff,0xff,0xff,0xd5,0xff,0xe4
    db 0x8c,0xc0,0xae,0x0c,0x0c,0x0c,0x0c,0xcc,0xff,0xff,0xff,0xff,0xff,0xff,0xff,0xff
    db 0xff,0xff,0xff,0xff,0xff,0xff,0xff,0xff,0xff,0xff,0xff,0xff,0xff,0xba,0xff,0xff
    db 0xff,0xff,0xff,0xea,0xff,0xff,0xff,0xff,0xff,0xff,0xff,0xff,0xff,0xff,0xff,0xe4
    db 0xc8,0xd5,0xc0,0x84,0x0c,0x48,0x0c,0xba,0xff,0xff,0xff,0xff,0xff,0xff,0xff,0xff
    db 0xff,0xff,0xff,0xff,0xff,0xff,0xff,0xff,0xff,0xff,0xff,0xff,0xff,0xff,0xea,0xff
    db 0xea,0xd5,0xea,0xff,0xff,0xff,0xff,0xd5,0xff,0xff,0xff,0xff,0xff,0xd5,0xee,0xe4
    db 0x48,0xc0,0xea,0x0c,0x84,0x5d,0x48,0xff,0xff,0xff,0xff,0xff,0xff,0xff,0xff,0xff
    db 0xff,0xff,0xff,0xff,0xff,0xff,0xff,0xff,0xff,0xff,0xff,0xff,0xff,0xea,0xc0,0xd5
    db 0xea,0xd5,0xea,0xd5,0xff,0xd5,0xff,0xd5,0xff,0xff,0xff,0xff,0xff,0xd5,0xcc,0xe4
    db 0xc0,0xd5,0x48,0x84,0x0c,0x0c,0xdd,0xff,0xff,0xff,0xff,0xff,0xff,0xff,0xff,0xff
    db 0xff,0xff,0xff,0xff,0xff,0xff,0xff,0xff,0xff,0xff,0xff,0xff,0xff,0xea,0xc0,0xff
    db 0xea,0xc0,0xd5,0xea,0xff,0xd5,0xff,0xff,0xff,0xc0,0xff,0xff,0xff,0xff,0xcc,0xe4
    db 0x5d,0xc0,0xcc,0x84,0xdd,0x4c,0x5d,0xff,0xff,0xff,0xff,0xff,0xff,0xff,0xff,0xff
    db 0xff,0xff,0xff,0xff,0xff,0xff,0xff,0xff,0xff,0xff,0xff,0xff,0xff,0xff,0xc0,0xff
    db 0xea,0xea,0xee,0xdd,0xc0,0xdd,0xff,0x30,0xea,0xc0,0xd5,0xff,0xff,0xea,0x70,0xa4
    db 0xcc,0x48,0xcc,0xc8,0x5d,0xff,0xff,0xff,0xff,0xff,0xff,0xff,0xff,0xff,0xff,0xff
    db 0xff,0xff,0xff,0xff,0xff,0xff,0xff,0xff,0xff,0xff,0xff,0xff,0xff,0xff,0xea,0xff
    db 0xff,0xdd,0xfa,0xf0,0xff,0xcc,0xba,0xcc,0xae,0xc0,0xc0,0xff,0xff,0xea,0xd0,0xe4
    db 0xcc,0x0c,0x84,0xcc,0x48,0xc4,0xff,0xff,0xff,0xff,0xff,0xff,0xff,0xff,0xff,0xff
    db 0xff,0xff,0xff,0xff,0xff,0xff,0xff,0xff,0xff,0xff,0xff,0xff,0xff,0xff,0xff,0xea
    db 0xc0,0xdd,0xfa,0xf0,0x90,0xf0,0xea,0x0c,0xae,0xc0,0xc0,0xc0,0xd5,0xc0,0x84,0xcc
    db 0xcc,0x0c,0x48,0xee,0xdd,0xff,0xff,0xff,0xff,0xff,0xff,0xff,0xff,0xff,0xff,0xff
    db 0xff,0xff,0xff,0xff,0xff,0xff,0xff,0xff,0xff,0xff,0xff,0xff,0xff,0xff,0xff,0xea
    db 0xea,0xc0,0xc0,0xd5,0x84,0xae,0x5d,0xea,0x5d,0xea,0xc0,0xc0,0xc0,0xea,0xae,0xcc
    db 0xcc,0x0c,0x0c,0xc0,0xff,0xff,0xff,0xff,0xff,0xff,0xff,0xff,0xff,0xff,0xff,0xff
    db 0xff,0xff,0xff,0xff,0xff,0xff,0xff,0xff,0xff,0xff,0xff,0xff,0xff,0xff,0xff,0xea
    db 0xea,0x5d,0xff,0xae,0xea,0xc0,0xd5,0xdd,0x48,0xc0,0xc0,0xc0,0xc0,0xd5,0xea,0x4c
    db 0xcc,0x0c,0xcc,0x0c,0xff,0xff,0xff,0xff,0xff,0xff,0xff,0xff,0xff,0xff,0xff,0xff
    db 0xff,0xff,0xff,0xff,0xff,0xff,0xff,0xff,0xff,0xff,0xff,0xff,0xff,0xff,0xff,0xff
    db 0xff,0xd5,0xc0,0xc0,0xd5,0xc0,0xc0,0xff,0x48,0xc0,0xea,0xea,0x5d,0xc0,0xff,0xcc
    db 0xcc,0xcc,0xe4,0x8c,0xff,0xff,0xff,0xff,0xff,0xff,0xff,0xff,0xff,0xff,0xff,0xff
    db 0xff,0xff,0xff,0xff,0xff,0xff,0xff,0xff,0xff,0xff,0xff,0xff,0xff,0xff,0xff,0xff
    db 0xc0,0xc0,0xc0,0xc0,0xd5,0xee,0x5d,0xae,0x48,0xc0,0xc0,0xc0,0xea,0xff,0xff,0x64
    db 0xcc,0x8c,0x0c,0xcc,0xff,0xff,0xff,0xff,0xff,0xff,0xff,0xff,0xff,0xff,0xff,0xff
    db 0xff,0xff,0xff,0xff,0xff,0xff,0xff,0xff,0xff,0xff,0xff,0xff,0xff,0xff,0xff,0xff
    db 0xff,0xd5,0xc0,0xd5,0x0c,0x0c,0x0c,0x48,0x48,0xc0,0xc0,0x0c,0xea,0xd5,0xff,0xfa
    db 0xe4,0x4c,0x8c,0xcc,0xff,0xff,0xff,0xff,0xff,0xff,0xff,0xff,0xff,0xff,0xff,0xff
    db 0xff,0xff,0xff,0xff,0xff,0xff,0xff,0xff,0xff,0xff,0xff,0xff,0xff,0xff,0xff,0xff
    db 0xff,0xff,0xc0,0xd5,0xff,0x0c,0x0c,0x84,0xc0,0xc0,0x84,0xcc,0x48,0xd5,0xff,0x90
    db 0xf0,0xba,0xae,0xcc,0xff,0xff,0xff,0xff,0xff,0xff,0xff,0xff,0xff,0xff,0xff,0xff
    db 0xff,0xff,0xff,0xff,0xff,0xff,0xff,0xff,0xff,0xff,0xff,0xff,0xff,0xff,0xff,0xff
    db 0xff,0xff,0xff,0xd5,0xc0,0xff,0xc0,0xd5,0xff,0xc0,0x84,0x0c,0xea,0xff,0xea,0x84
    db 0x8c,0xff,0x84,0xcc,0xff,0xff,0xff,0xff,0xff,0xff,0xff,0xff,0xff,0xff,0xff,0xff
    db 0xff,0xff,0xff,0xff,0xff,0xff,0xff,0xff,0xff,0xff,0xff,0xff,0xff,0xff,0xff,0xff
    db 0xff,0xff,0xff,0xea,0xc0,0xc0,0xff,0xae,0x0c,0xd5,0xff,0xae,0xd5,0xff,0xea,0x8c
    db 0x5d,0xff,0xff,0x4c,0xff,0xff,0xff,0xff,0xff,0xff,0xff,0xff,0xff,0xff,0xff,0xff
    db 0xff,0xff,0xff,0xff,0xff,0xff,0xff,0xff,0xff,0xff,0xff,0xff,0xff,0xff,0xff,0xff
    db 0xff,0xff,0xff,0xd5,0xae,0x5d,0xae,0x0c,0x5d,0xff,0xc0,0xff,0xc0,0xea,0xba,0xcc
    db 0x5d,0xff,0xea,0xcc,0xff,0xff,0xff,0xff,0xff,0xff,0xff,0xff,0xff,0xff,0xff,0xff
    db 0xff,0xff,0xff,0xff,0xff,0xff,0xff,0xff,0xff,0xff,0xff,0xff,0xff,0xff,0xff,0xff
    db 0xff,0xff,0xff,0xc0,0x0c,0x48,0x84,0x0c,0x48,0x48,0xc0,0xff,0xff,0xc0,0xd5,0xd8
    db 0xff,0xff,0xff,0xc4,0xdd,0xff,0xff,0xff,0xff,0xff,0xff,0xff,0xff,0xff,0xff,0xff
    db 0xff,0xff,0xff,0xff,0xff,0xff,0xff,0xff,0xff,0xff,0xff,0xff,0xff,0xff,0xff,0xff
    db 0xff,0xff,0xff,0xc0,0xea,0xea,0xff,0xea,0xea,0x0c,0xea,0xea,0xd5,0xea,0xff,0xd8
    db 0xff,0xff,0xff,0xff,0xf5,0xff,0xff,0xff,0xff,0xff,0xff,0xff,0xff,0xff,0xff,0xff
    db 0xff,0xff,0xff,0xff,0xff,0xff,0xff,0xff,0xff,0xff,0xff,0xff,0xff,0xff,0xff,0xff
    db 0xff,0xff,0xea,0xea,0xd5,0xc0,0xd5,0xea,0xc0,0xff,0xff,0xff,0xff,0xff,0xff,0xff
    db 0xff,0xff,0xff,0xff,0xff,0xff,0xff,0xff,0xff,0xff,0xff,0xff,0xff,0xff,0xff,0xff
    db 0xff,0xff,0xff,0xff,0xff,0xff,0xff,0xff,0xff,0xff,0xff,0xff,0xff,0xff,0xff,0xff
    db 0xff,0xff,0xff,0xc0,0xff,0xff,0xff,0xff,0xff,0xff,0xff,0xff,0xff,0xff,0xff,0xff
    db 0xff,0xff,0xff,0xff,0xff,0xff,0xff,0xff,0xff,0xff,0xff,0xff,0xff,0xff,0xff,0xff
    db 0xff,0xff,0xff,0xff,0xff,0xff,0xff,0xff,0xff,0xff,0xff,0xff,0xff,0xff,0xff,0xff
    db 0xff,0xff,0xff,0xff,0xff,0xff,0xff,0xff,0xff,0xff,0xff,0xff,0xff,0xff,0xff,0xff
    db 0xff,0xff,0xff,0xff,0xff,0xff,0xff,0xff,0xff,0xff,0xff,0xff,0xff,0xff,0xff,0xff
    db 0xff,0xff,0xff,0xff,0xff,0xff,0xff,0xff,0xff,0xff,0xff,0xff,0xff,0xff,0xff,0xff
    db 0xff,0xff,0xff,0xff,0xff,0xff,0xff,0xff,0xff,0xff,0xff,0xff,0xff,0xff,0xff,0xff
    db 0xff,0xff,0xff,0xff,0xff,0xff,0xff,0xff,0xff,0xff,0xff,0xff,0xff,0xff,0xff,0xff
    db 0xff,0xff,0xff,0xff,0xff,0xff,0xff,0xff,0xff,0xff,0xff,0xff,0xff,0xff,0xff,0xff
    db 0xff,0xff,0xff,0xff,0xff,0xff,0xff,0xff,0xff,0xff,0xff,0xff,0xff,0xff,0xff,0xff
    db 0xff,0xff,0xff,0xff,0xff,0xff,0xff,0xff,0xff,0xff,0xff,0xff,0xff,0xff,0xff,0xff
    db 0xff,0xff,0xff,0xff,0xff,0xff,0xff,0xff,0xff,0xff,0xff,0xff,0xff,0xff,0xff,0xff
    db 0xff,0xff,0xff,0xff,0xff,0xff,0xff,0xff,0xff,0xff,0xff,0xff,0xff,0xff,0xff,0xff
    db 0xff,0xff,0xff,0xff,0xff,0xff,0xff,0xff,0xff,0xff,0xff,0xff,0xff,0xff,0xff,0xff
    db 0xff,0xff,0xff,0xff,0xff,0xff,0xff,0xff,0xff,0xff,0xff,0xff,0xff,0xff,0xff,0xff
    db 0xff,0xff,0xff,0xff,0xff,0xff,0xff,0xff,0xff,0xff,0xff,0xff,0xff,0xff,0xff,0xff
    db 0xff,0xff,0xff,0xff,0xff,0xff,0xff,0xff,0xff,0xff,0xff,0xff,0xff,0xff,0xff,0xff
    db 0xff,0xff,0xff,0xff,0xff,0xff,0xff,0xff,0xff,0xff,0xff,0xff,0xff,0xff,0xff,0xff
    db 0xff,0xff,0xff,0xff,0xff,0xff,0xff,0xff,0xff,0xff,0xff,0xff,0xff,0xff,0xff,0xff
    db 0xff,0xff,0xff,0xff,0xff,0xff,0xff,0xff,0xff,0xff,0xff,0xff,0xff,0xff,0xff,0xff
    db 0xff,0xff,0xff,0xff,0xff,0xff,0xff,0xff,0xff,0xff,0xff,0xff,0xff,0xff,0xff,0xff
    db 0xff,0xff,0xff,0xff,0xff,0xff,0xff,0xff,0xff,0xff,0xff,0xff,0xff,0xff,0xff,0xff
    db 0xff,0xff,0xff,0xff,0xff,0xff,0xff,0xff,0xff,0xff,0xff,0xff,0xff,0xff,0xff,0xff

frame_2:
    db 0xff,0xff,0xff,0xff,0xff,0xff,0xff,0xff,0xff,0xff,0xff,0xff,0xff,0xff,0xff,0xff
    db 0xff,0xff,0xff,0xff,0xff,0xff,0xff,0xff,0xff,0xff,0xff,0xff,0xff,0xff,0xff,0xff
    db 0xff,0xff,0xff,0xff,0xff,0xff,0xff,0xff,0xff,0xff,0xff,0xff,0xff,0xff,0xff,0xff
    db 0xff,0xff,0xff,0xff,0xff,0xff,0xff,0xff,0xff,0xff,0xff,0xff,0xff,0xff,0xff,0xff
    db 0xff,0xff,0xff,0xff,0xff,0xff,0xff,0xff,0xff,0xff,0xff,0xff,0xff,0xff,0xff,0xff
    db 0xff,0xff,0xff,0xff,0xff,0xff,0xff,0xff,0xff,0xff,0xff,0xff,0xff,0xff,0xff,0xff
    db 0xff,0xff,0xff,0xff,0xff,0xff,0xff,0xff,0xff,0xff,0xff,0xff,0xff,0xff,0xff,0xff
    db 0xff,0xff,0xff,0xff,0xff,0xff,0xff,0xff,0xff,0xff,0xff,0xff,0xff,0xff,0xff,0xff
    db 0xff,0xff,0xff,0xff,0xff,0xff,0xff,0xff,0xff,0xff,0xff,0xff,0xff,0xff,0xff,0xff
    db 0xff,0xff,0xff,0xff,0xff,0xff,0xff,0xff,0xff,0xff,0xff,0xff,0xff,0xff,0xff,0xff
    db 0xff,0xff,0xff,0xff,0xff,0xff,0xff,0xff,0xff,0xdd,0xff,0xff,0xff,0xff,0xff,0xff
    db 0xff,0xff,0xff,0xff,0xff,0xff,0xff,0xff,0xff,0xff,0xff,0xff,0xff,0xff,0xff,0xff
    db 0xff,0xff,0xff,0xff,0xff,0xff,0xff,0xff,0xff,0xff,0xff,0xff,0xff,0xff,0xff,0xff
    db 0xff,0xff,0xff,0xff,0xff,0xff,0xff,0xff,0xf5,0x4c,0xdd,0xff,0xff,0xff,0xff,0xff
    db 0xff,0xff,0xff,0xff,0xff,0xff,0xff,0xff,0xff,0xff,0xff,0xff,0xff,0xff,0xff,0xff
    db 0xff,0xff,0xff,0xff,0xff,0xff,0xff,0xff,0xff,0xff,0xff,0xff,0xff,0xff,0xff,0xff
    db 0xff,0xff,0xff,0xff,0xff,0xff,0xff,0xfa,0xf0,0x4c,0xcc,0xdd,0xff,0xff,0xff,0xff
    db 0xff,0xff,0xff,0xff,0xff,0xff,0xff,0xff,0xff,0xff,0xff,0xff,0xff,0xff,0xff,0xff
    db 0xff,0xff,0xff,0xff,0xff,0xff,0xff,0xff,0xff,0xff,0xff,0xff,0xff,0xff,0xff,0xff
    db 0xff,0xff,0xff,0xff,0xff,0xff,0xff,0x70,0xf0,0xae,0xcc,0xcc,0xff,0xff,0xff,0xff
    db 0xff,0xff,0xff,0xff,0xff,0xff,0xff,0xff,0xff,0xff,0xff,0xff,0xff,0xff,0xff,0xff
    db 0xff,0xff,0xff,0xff,0xff,0xff,0xff,0xff,0xff,0xff,0xff,0xff,0xff,0xff,0xff,0xff
    db 0xff,0xff,0xff,0xff,0xff,0xff,0xff,0xc4,0xf0,0xe0,0xcc,0xcc,0xdd,0xff,0xff,0xff
    db 0xff,0xff,0xff,0xff,0xff,0xff,0xff,0xff,0xff,0xff,0xff,0xff,0xff,0xff,0xff,0xff
    db 0xff,0xff,0xff,0xff,0xff,0xff,0xff,0xff,0xff,0xff,0xff,0xff,0xae,0xcc,0xdd,0xff
    db 0xff,0xff,0xff,0xff,0xff,0xff,0xff,0x90,0xd8,0xe0,0x0c,0x0c,0xcc,0xff,0xff,0xff
    db 0xff,0xff,0xff,0xff,0xff,0xff,0xff,0xff,0xff,0xff,0xff,0xff,0xff,0xff,0xff,0xff
    db 0xff,0xff,0xff,0xff,0xff,0xff,0xff,0xff,0xff,0xff,0xff,0xff,0x0c,0x4c,0xcc,0xcc
    db 0xcc,0xff,0xff,0xff,0xff,0xff,0xff,0xba,0x64,0xf5,0x84,0x0c,0xcc,0xdd,0xff,0xae
    db 0x5d,0xc0,0x5d,0xff,0xff,0xff,0xff,0xff,0xff,0xff,0xff,0xff,0xff,0xff,0xff,0xff
    db 0xff,0xff,0xff,0xff,0xff,0xff,0xff,0xff,0xff,0xff,0xff,0xf0,0x84,0x4c,0xcc,0xcc
    db 0xcc,0xdd,0xff,0xff,0xff,0xff,0xff,0xff,0x30,0xc8,0xc0,0xae,0xcc,0xdd,0xff,0xff
    db 0xcc,0xcc,0x8c,0xff,0xff,0xff,0xff,0xff,0xff,0xff,0xff,0xff,0xff,0xff,0xff,0xff
    db 0xff,0xff,0xff,0xff,0xff,0xff,0xff,0xff,0xff,0xff,0xff,0xf0,0xa4,0x4c,0xcc,0xcc
    db 0xcc,0xcc,0xdd,0xff,0xff,0xff,0xff,0xff,0xff,0xc0,0xc0,0xc0,0x0c,0x5d,0xfa,0xea
    db 0x4c,0xcc,0xcc,0xdd,0xff,0xff,0xff,0xff,0xff,0xff,0xff,0xff,0xff,0xff,0xff,0xff
    db 0xff,0xff,0xff,0xff,0xff,0xff,0xff,0xff,0xff,0xff,0xba,0xf0,0xf5,0x0c,0xcc,0xcc
    db 0xcc,0xcc,0xcc,0xdd,0xff,0xff,0xff,0xff,0xff,0xff,0xff,0xc0,0x0c,0x4c,0xd8,0xf5
    db 0x84,0xcc,0xcc,0xcc,0xff,0xff,0xff,0xff,0xff,0xff,0xff,0xff,0xff,0xff,0xff,0xff
    db 0xff,0xff,0xff,0xff,0xff,0xff,0xff,0xff,0xff,0xff,0xba,0xf0,0xf0,0x0c,0xcc,0xcc
    db 0xcc,0xcc,0xcc,0xcc,0xdd,0xff,0xff,0xff,0xff,0xff,0xea,0xff,0x0c,0x5d,0xd8,0xe0
    db 0xff,0x4c,0xcc,0xcc,0xcc,0xff,0xff,0xff,0xff,0xff,0xff,0xff,0xff,0xff,0xff,0xff
    db 0xff,0xff,0xff,0xff,0xff,0xff,0xff,0xff,0xff,0xff,0xff,0x70,0xf0,0x75,0x0c,0x0c
    db 0x4c,0xcc,0xcc,0xcc,0xcc,0xdd,0xff,0xff,0xff,0xff,0xff,0xff,0xae,0x48,0x70,0xf0
    db 0xc0,0x4c,0xcc,0xcc,0xcc,0xff,0xff,0xff,0xff,0xff,0xff,0xff,0xff,0xff,0xff,0xff
    db 0xff,0xff,0xff,0xff,0xff,0xff,0xff,0xff,0xff,0xff,0xff,0x30,0xd8,0xea,0x0c,0xea
    db 0xae,0x0c,0x0c,0xcc,0xcc,0xcc,0xff,0xff,0xff,0xff,0xba,0x75,0xae,0x5d,0xfa,0xf0
    db 0xf5,0xae,0x0c,0x0c,0xcc,0x5d,0xff,0xff,0xff,0xff,0xff,0xff,0xff,0xff,0xff,0xff
    db 0xff,0xff,0xff,0xff,0xff,0xff,0xff,0xff,0xff,0xff,0xff,0xba,0x64,0x48,0xff,0xea
    db 0xc0,0xd5,0xae,0x0c,0xcc,0xcc,0xdd,0xff,0xff,0xff,0xff,0x75,0xae,0xff,0xee,0xf0
    db 0xb0,0x84,0x0c,0x0c,0x4c,0xcc,0xff,0xff,0xff,0xff,0xff,0xff,0xff,0xff,0xff,0xff
    db 0xff,0xff,0xff,0xff,0xff,0xff,0xff,0xff,0xff,0xff,0xff,0xff,0xba,0xc0,0xc0,0xd5
    db 0xc0,0xc0,0xae,0x0c,0xcc,0xcc,0xcc,0xff,0xff,0xff,0xff,0xc8,0x0c,0x5d,0xba,0xcc
    db 0xe4,0xea,0x0c,0x0c,0x4c,0xcc,0xdd,0xff,0xff,0xff,0xff,0xff,0xff,0xff,0xff,0xff
    db 0xff,0xff,0xff,0xff,0xff,0xff,0xff,0xff,0xff,0xff,0xff,0xff,0xff,0xea,0xff,0xff
    db 0xea,0xc0,0xd5,0x0c,0x0c,0x4c,0xcc,0xff,0xff,0xff,0xff,0x60,0x0c,0x5d,0xff,0x30
    db 0xcc,0xea,0x5d,0xea,0x0c,0xcc,0xdd,0xff,0xff,0xff,0xff,0xff,0xff,0xff,0xff,0xff
    db 0xff,0xff,0xff,0xff,0xff,0xff,0xff,0xff,0xff,0xff,0xff,0xff,0xff,0xff,0xff,0xff
    db 0xea,0x48,0xc0,0x5d,0x0c,0x4c,0xcc,0xdd,0xff,0xff,0xff,0x75,0x0c,0x5d,0xff,0xba
    db 0x30,0xc0,0xea,0xd5,0x84,0x4c,0xdd,0xff,0xff,0xff,0xff,0xff,0xff,0xff,0xff,0xff
    db 0xff,0xff,0xff,0xff,0xff,0xff,0xff,0xff,0xff,0xff,0xff,0xff,0xff,0xff,0xff,0xff
    db 0xff,0x30,0xc0,0xea,0xd5,0x4c,0xcc,0xcc,0xdd,0xff,0xba,0x24,0x0c,0x48,0xff,0xff
    db 0xff,0xea,0xc0,0xd5,0xff,0xae,0xcc,0xff,0xff,0xff,0xff,0xff,0xff,0xff,0xff,0xff
    db 0xff,0xff,0xff,0xff,0xff,0xff,0xff,0xff,0xff,0xff,0xff,0xff,0xff,0xff,0xff,0xff
    db 0xff,0xff,0xff,0x75,0xea,0x84,0xcc,0xcc,0x5d,0xff,0xee,0x84,0x0c,0x4c,0xf5,0xff
    db 0xff,0xc0,0xff,0xc0,0xff,0x84,0xcc,0xdd,0xff,0xff,0xff,0xff,0xff,0xff,0xff,0xff
    db 0xff,0xff,0xff,0xff,0xff,0xff,0xff,0xff,0xff,0xff,0xff,0xff,0xff,0xff,0xff,0xff
    db 0xff,0x84,0xdd,0x30,0xea,0xd5,0x4c,0xcc,0xdd,0xff,0x30,0x0c,0x0c,0xcc,0xc0,0x5d
    db 0xff,0xff,0xff,0xff,0xff,0xea,0x4c,0xdd,0xff,0xff,0xff,0xff,0xff,0xff,0xff,0xff
    db 0xff,0xff,0xff,0xff,0xff,0xff,0xff,0xff,0xff,0xff,0xff,0xff,0xff,0xff,0xff,0xff
    db 0xfa,0x4c,0xcc,0x18,0xdd,0xea,0x0c,0xcc,0xcc,0xdd,0xc8,0x0c,0x0c,0x18,0xd5,0x5d
    db 0xff,0xba,0xff,0xea,0xd5,0xff,0x84,0xdd,0xff,0xff,0xff,0xff,0xff,0xff,0xff,0xff
    db 0xff,0xff,0xff,0xff,0xff,0xff,0xff,0xff,0xff,0xff,0xff,0xff,0xff,0xff,0xff,0xfa
    db 0xf0,0x4c,0xcc,0x8c,0xcc,0x48,0xae,0xcc,0xcc,0xcc,0x8c,0x0c,0x0c,0xff,0xc0,0xd5
    db 0x84,0xba,0xff,0xff,0xc0,0xff,0x84,0xcc,0xff,0xff,0xff,0xff,0xff,0xff,0xff,0xff
    db 0xff,0xff,0xff,0xff,0xff,0xff,0xff,0xff,0xff,0xff,0xff,0xff,0xff,0xff,0xff,0xfa
    db 0xf5,0x4c,0xcc,0x8c,0x4c,0xcc,0x8c,0x4c,0xcc,0xcc,0x0c,0x0c,0x5d,0xff,0xc0,0xd5
    db 0x84,0x5d,0x75,0xff,0xc0,0xea,0xd5,0x0c,0xff,0xff,0xff,0xff,0xff,0xff,0xff,0xff
    db 0xff,0xff,0xff,0xff,0xff,0xff,0xff,0xff,0xff,0xff,0xff,0xff,0xff,0xff,0xff,0xd0
    db 0xe0,0x4c,0xcc,0xcc,0xcc,0x4c,0xcc,0xcc,0xcc,0xae,0x8c,0x0c,0x0c,0xff,0xff,0xff
    db 0xea,0xae,0x75,0xff,0xc0,0xc0,0xd5,0x0c,0xff,0xff,0xff,0xff,0xff,0xff,0xff,0xff
    db 0xff,0xff,0xff,0xff,0xff,0xff,0xff,0xff,0xff,0xff,0xff,0xff,0xff,0xff,0xff,0xfa
    db 0xb0,0x4c,0x8c,0x0c,0x0c,0x0c,0x4c,0xcc,0x8c,0xcc,0xcc,0xcc,0xdd,0xff,0xff,0xff
    db 0xea,0x0c,0xba,0xba,0xc0,0xc0,0xd5,0x0c,0xff,0xff,0xff,0xff,0xff,0xff,0xff,0xff
    db 0xff,0xff,0xff,0xff,0xff,0xff,0xff,0xff,0xff,0xff,0xff,0xff,0xff,0xff,0xff,0xee
    db 0xb0,0x84,0x0c,0x0c,0x8c,0x0c,0x4c,0x4c,0x0c,0xea,0xcc,0x8c,0xdd,0xff,0xff,0xff
    db 0xba,0x84,0xff,0xff,0xc0,0xc0,0x84,0x0c,0xff,0xff,0xff,0xff,0xff,0xff,0xff,0xff
    db 0xff,0xff,0xff,0xff,0xff,0xff,0xff,0xff,0xff,0xff,0xff,0xff,0xff,0xff,0xff,0xba
    db 0x98,0xd5,0x0c,0x0c,0x0c,0x0c,0x0c,0x0c,0x0c,0xc0,0xc0,0x0c,0xdd,0xff,0xff,0xff
    db 0xff,0xff,0xd5,0xff,0xc0,0xc0,0x84,0x0c,0xff,0xff,0xff,0xff,0xff,0xff,0xff,0xff
    db 0xff,0xff,0xff,0xff,0xff,0xff,0xff,0xff,0xff,0xff,0xff,0xff,0xff,0xff,0xff,0xba
    db 0x64,0xc0,0x0c,0x5d,0xae,0x0c,0x0c,0x0c,0x0c,0xc0,0xff,0xba,0xd5,0xff,0xff,0xff
    db 0xff,0xea,0xd5,0xff,0xc0,0xea,0xd5,0x0c,0xff,0xff,0xff,0xff,0xff,0xff,0xff,0xff
    db 0xff,0xff,0xff,0xff,0xff,0xff,0xff,0xff,0xff,0xff,0xff,0xff,0xff,0xff,0xff,0xff
    db 0xba,0xea,0x84,0xc0,0xd5,0x0c,0x0c,0x0c,0x48,0xc0,0xff,0xea,0x75,0xff,0xff,0xff
    db 0xff,0xff,0xd5,0x75,0xc0,0xea,0x0c,0x5d,0xff,0xff,0xff,0xff,0xff,0xff,0xff,0xff
    db 0xff,0xff,0xff,0xff,0xff,0xff,0xff,0xff,0xff,0xff,0xff,0xff,0xff,0xff,0xff,0xff
    db 0xff,0xff,0xc0,0xc0,0xc0,0xc0,0xc0,0xc0,0xc0,0xd5,0xff,0xea,0x84,0xff,0xff,0xff
    db 0xff,0xff,0x90,0x60,0xc0,0xea,0x0c,0x5d,0xff,0xff,0xff,0xff,0xff,0xff,0xff,0xff
    db 0xff,0xff,0xff,0xff,0xff,0xff,0xff,0xff,0xff,0xff,0xff,0xff,0xff,0xff,0xff,0xff
    db 0xff,0xff,0xea,0xff,0xff,0xff,0xff,0xff,0xea,0xff,0xff,0xff,0xff,0xdd,0xff,0xff
    db 0xff,0xff,0xff,0x60,0xc0,0x84,0xae,0xd5,0xff,0xff,0xff,0xff,0xff,0xff,0xff,0xff
    db 0xff,0xff,0xff,0xff,0xff,0xff,0xff,0xff,0xff,0xff,0xff,0xff,0xff,0xff,0xff,0xff
    db 0xff,0xff,0xff,0xae,0xee,0xd5,0xff,0xff,0xff,0xff,0xff,0xff,0xc0,0x84,0xff,0xff
    db 0xff,0xff,0x75,0xc0,0x84,0xae,0xea,0xdd,0xff,0xff,0xff,0xff,0xff,0xff,0xff,0xff
    db 0xff,0xff,0xff,0xff,0xff,0xff,0xff,0xff,0xff,0xff,0xff,0xff,0xff,0xff,0xff,0xff
    db 0xff,0xae,0x0c,0x0c,0x5d,0xea,0xff,0x5d,0xff,0xff,0xff,0xff,0xff,0xc0,0xdd,0xff
    db 0xff,0xba,0x30,0xc0,0xc0,0xc0,0x84,0x5d,0xff,0xff,0xff,0xff,0xff,0xff,0xff,0xff
    db 0xff,0xff,0xff,0xff,0xff,0xff,0xff,0xff,0xff,0xff,0xff,0xff,0xff,0xff,0xff,0xff
    db 0xea,0xcc,0x0c,0x4c,0xcc,0x5d,0xea,0xd5,0xff,0xff,0xff,0xff,0xff,0xc0,0x4c,0xff
    db 0xff,0xba,0x60,0xd5,0xc0,0xff,0x5d,0xee,0xff,0xff,0xff,0xff,0xff,0xff,0xff,0xff
    db 0xff,0xff,0xff,0xff,0xff,0xff,0xff,0xff,0xff,0xff,0xff,0xff,0xff,0xff,0xff,0xff
    db 0x98,0xcc,0x5d,0xba,0x0c,0x84,0xc0,0xd5,0xff,0xff,0x0c,0xff,0xea,0xc0,0x84,0xff
    db 0xff,0x30,0x60,0xea,0xd5,0xae,0xff,0xff,0xff,0xff,0xff,0xff,0xff,0xff,0xff,0xff
    db 0xff,0xff,0xff,0xff,0xff,0xff,0xff,0xff,0xff,0xff,0xff,0xff,0xff,0xff,0xff,0xff
    db 0xa4,0x8c,0x48,0x90,0x5d,0xc0,0xc0,0xfa,0xf0,0xd5,0xcc,0xc8,0xea,0xc0,0xc0,0xff
    db 0xff,0xba,0xc0,0xc0,0xc0,0xc0,0xae,0x5d,0xff,0xff,0xff,0xff,0xff,0xff,0xff,0xff
    db 0xff,0xff,0xff,0xff,0xff,0xff,0xff,0xff,0xff,0xff,0xff,0xff,0xff,0xff,0xff,0xff
    db 0x8c,0x0c,0x5d,0xff,0x48,0xc0,0xd5,0xf0,0xf0,0x84,0xcc,0xcc,0x0c,0x48,0x84,0xff
    db 0x75,0xea,0xc0,0xea,0xc0,0xae,0x48,0x4c,0xff,0xff,0xff,0xff,0xff,0xff,0xff,0xff
    db 0xff,0xff,0xff,0xff,0xff,0xff,0xff,0xff,0xff,0xff,0xff,0xff,0xff,0xff,0xff,0xff
    db 0x24,0x0c,0xdd,0x48,0xc0,0xff,0xd5,0xf0,0xa4,0x84,0xcc,0xcc,0x0c,0xe4,0x0c,0x0c
    db 0x30,0xc0,0xc0,0xea,0xc0,0xae,0x0c,0xae,0xff,0xff,0xff,0xff,0xff,0xff,0xff,0xff
    db 0xff,0xff,0xff,0xff,0xff,0xff,0xff,0xff,0xff,0xff,0xff,0xff,0xff,0xff,0xff,0xff
    db 0xea,0x48,0x48,0xc0,0x90,0xff,0xff,0xf0,0xf5,0xd5,0xcc,0xcc,0x0c,0xa4,0x4c,0xcc
    db 0xcc,0xcc,0x48,0xc0,0xc0,0x0c,0x5d,0x0c,0xff,0xff,0xff,0xff,0xff,0xff,0xff,0xff
    db 0xff,0xff,0xff,0xff,0xff,0xff,0xff,0xff,0xff,0xff,0xff,0xff,0xff,0xff,0xff,0xff
    db 0xee,0xff,0xc0,0xd5,0xff,0xc0,0xea,0xf0,0xe0,0x84,0x0c,0x8c,0x0c,0xae,0x8c,0xd8
    db 0x4c,0xcc,0xcc,0xc8,0x84,0x0c,0x0c,0x0c,0xff,0xff,0xff,0xff,0xff,0xff,0xff,0xff
    db 0xff,0xff,0xff,0xff,0xff,0xff,0xff,0xff,0xff,0xff,0xff,0xff,0xff,0xff,0xff,0xff
    db 0xea,0xc0,0xff,0xff,0xea,0xc0,0xea,0xd8,0xf5,0xae,0xcc,0xf0,0xdd,0xae,0x0c,0x5d
    db 0x4c,0xcc,0xcc,0xcc,0x8c,0xff,0xd5,0xff,0xff,0xff,0xff,0xff,0xff,0xff,0xff,0xff
    db 0xff,0xff,0xff,0xff,0xff,0xff,0xff,0xff,0xff,0xff,0xff,0xff,0xff,0xff,0xff,0xff
    db 0x30,0xea,0xd5,0xc0,0x30,0xc0,0xff,0xcc,0xe0,0xd5,0x0c,0xee,0x0c,0x0c,0x5d,0xea
    db 0x0c,0x4c,0xcc,0xcc,0xcc,0x8c,0xc0,0xc0,0xff,0xff,0xff,0xff,0xff,0xff,0xff,0xff
    db 0xff,0xff,0xff,0xff,0xff,0xff,0xff,0xff,0xff,0xff,0xff,0xff,0xff,0xff,0xea,0xff
    db 0x30,0x60,0xc0,0xba,0x84,0x5d,0xff,0x64,0xdd,0xd5,0x5d,0xff,0x5d,0xff,0xea,0xc0
    db 0x0c,0x0c,0x4c,0x4c,0xcc,0xcc,0xcc,0xee,0xf5,0xff,0xff,0xff,0xff,0xff,0xff,0xff
    db 0xff,0xff,0xff,0xff,0xff,0xff,0xff,0xff,0xff,0xff,0xff,0xff,0xff,0xff,0xea,0xd5
    db 0x30,0x60,0xc0,0xcc,0x8c,0xcc,0xdd,0x30,0x75,0xc0,0xae,0xae,0x5d,0xff,0xea,0xd5
    db 0x0c,0x0c,0x4c,0x0c,0xcc,0xcc,0x4c,0xdd,0xf5,0xff,0xff,0xff,0xff,0xff,0xff,0xff
    db 0xff,0xff,0xff,0xff,0xff,0xff,0xff,0xff,0xff,0xff,0xff,0xff,0xff,0xba,0xc0,0xff
    db 0xba,0xae,0x5d,0xba,0x90,0xcc,0xdd,0xff,0xff,0xc0,0xd5,0x0c,0xea,0xc0,0xc0,0xc0
    db 0xc0,0xae,0x5d,0x0c,0x0c,0x4c,0xcc,0xc8,0x24,0xff,0xff,0xff,0xff,0xff,0xff,0xff
    db 0xff,0xff,0xff,0xff,0xff,0xff,0xff,0xff,0xff,0xff,0xff,0xff,0xff,0xea,0xff,0xc0
    db 0xff,0x48,0x0c,0xea,0xd5,0xcc,0xcc,0xff,0xff,0xc0,0xc0,0xc0,0xc0,0xd5,0xc0,0xc0
    db 0xc0,0xc0,0xd5,0x0c,0x0c,0x4c,0xcc,0xcc,0xc0,0xff,0xff,0xff,0xff,0xff,0xff,0xff
    db 0xff,0xff,0xff,0xff,0xff,0xff,0xff,0xff,0xff,0xff,0xff,0xff,0xff,0xff,0xc0,0x90
    db 0xae,0xd5,0xc0,0x0c,0xd5,0xee,0xdd,0xdd,0xff,0xea,0xc0,0xff,0xff,0xff,0xff,0xff
    db 0xea,0xc0,0xc0,0x0c,0x0c,0x4c,0xdd,0x8c,0xcc,0xff,0xff,0xff,0xff,0xff,0xff,0xff
    db 0xff,0xff,0xff,0xff,0xff,0xff,0xff,0xff,0xff,0xff,0xff,0xff,0xff,0xea,0xc0,0xc0
    db 0xff,0x8c,0x0c,0x5d,0xd5,0xae,0x98,0xcc,0xdd,0xff,0xae,0x4c,0xee,0xea,0xff,0xc0
    db 0xff,0xff,0xea,0xc0,0xd5,0xae,0x5d,0xea,0xcc,0xff,0xff,0xff,0xff,0xff,0xff,0xff
    db 0xff,0xff,0xff,0xff,0xff,0xff,0xff,0xff,0xff,0xff,0xff,0xff,0xea,0x90,0x84,0x0c
    db 0x0c,0x8c,0xee,0xdd,0xc0,0xea,0x90,0xd8,0xcc,0xcc,0x8c,0x4c,0x48,0x48,0xae,0x0c
    db 0xdd,0xff,0xff,0xff,0xff,0xc0,0x84,0xc4,0xa4,0xff,0xff,0xff,0xff,0xff,0xff,0xff
    db 0xff,0xff,0xff,0xff,0xff,0xff,0xff,0xff,0xff,0xff,0xff,0xff,0xea,0xc0,0x84,0xff
    db 0x5d,0x48,0xa4,0x4c,0x48,0x5d,0xea,0xd5,0xc0,0x4c,0x5d,0x84,0x5d,0x48,0x0c,0x4c
    db 0x8c,0xea,0xff,0xff,0xff,0xff,0x84,0xee,0x64,0xff,0xff,0xff,0xff,0xff,0xff,0xff
    db 0xff,0xff,0xff,0xff,0xff,0xff,0xff,0xff,0xff,0xff,0xff,0xff,0xc0,0xc0,0xd5,0xc0
    db 0x5d,0x5d,0xdd,0xcc,0xff,0xea,0xea,0xd5,0x84,0x8c,0xc0,0xae,0x0c,0x0c,0xae,0x0c
    db 0x18,0x75,0xff,0xff,0xff,0xff,0xea,0xd5,0xee,0xff,0xff,0xff,0xff,0xff,0xff,0xff
    db 0xff,0xff,0xff,0xff,0xff,0xff,0xff,0xff,0xff,0xff,0xff,0xff,0xff,0xc0,0xc0,0xff
    db 0xc0,0xc0,0xc8,0xdd,0x8c,0xff,0xd5,0x0c,0x64,0x8c,0xc0,0xae,0x5d,0xee,0x8c,0x48
    db 0x30,0xff,0xff,0xff,0xff,0xff,0xff,0xc0,0xff,0x5d,0xff,0xff,0xff,0xff,0xff,0xff
    db 0xff,0xff,0xff,0xff,0xff,0xff,0xff,0xff,0xff,0xff,0xff,0xff,0xc4,0xf0,0xf0,0xe4
    db 0x75,0x48,0x0c,0x0c,0x0c,0x4c,0xc8,0xea,0x90,0xc0,0xd5,0x4c,0x48,0xd5,0x5d,0x90
    db 0xff,0xff,0xff,0xff,0xff,0xff,0xea,0xc0,0xd0,0xdd,0xff,0xff,0xff,0xff,0xff,0xff
    db 0xff,0xff,0xff,0xff,0xff,0xff,0xff,0xff,0xff,0xff,0xff,0xea,0xcc,0xf0,0xf0,0xf0
    db 0xe0,0xa4,0x0c,0x0c,0x8c,0xee,0x48,0xea,0xff,0xc0,0xc0,0xd5,0xc0,0xc0,0xc0,0xd5
    db 0xff,0xff,0xff,0xff,0xff,0xff,0xea,0xc0,0x84,0x8c,0xff,0xff,0xff,0xff,0xff,0xff
    db 0xff,0xff,0xff,0xff,0xff,0xff,0xff,0xff,0xff,0xff,0xff,0xba,0xd8,0xf0,0xf0,0xf0
    db 0xd5,0x0c,0x5d,0x4c,0xae,0x5d,0xff,0xff,0xea,0xff,0xd5,0xc0,0xc0,0xc0,0xc0,0xd5
    db 0xff,0xff,0xff,0xff,0xff,0xff,0xea,0xc0,0xc0,0x64,0xff,0xff,0xff,0xff,0xff,0xff
    db 0xff,0xff,0xff,0xff,0xff,0xff,0xff,0xff,0xff,0xff,0xff,0x90,0xcc,0xf0,0xf0,0xe4
    db 0x0c,0x0c,0x84,0x4c,0x5d,0xff,0xff,0xff,0xff,0xff,0xff,0xea,0xd5,0xff,0xff,0xff
    db 0xff,0xff,0xff,0xff,0xff,0xff,0xff,0xc0,0x4c,0xae,0xff,0xff,0xff,0xff,0xff,0xff
    db 0xff,0xff,0xff,0xff,0xff,0xff,0xff,0xff,0xff,0xff,0xff,0xba,0x64,0xf0,0xf0,0xa4
    db 0x0c,0x4c,0xcc,0xc8,0xc0,0xd5,0xff,0xff,0xff,0xff,0xff,0xff,0xff,0xff,0xff,0xff
    db 0xff,0xff,0xff,0xff,0xff,0xff,0xff,0xea,0xea,0x84,0xff,0xff,0xff,0xff,0xff,0xff
    db 0xff,0xff,0xff,0xff,0xff,0xff,0xff,0xff,0xff,0xff,0xff,0xff,0x30,0xcc,0xdd,0xae
    db 0x0c,0xff,0x48,0xea,0xc0,0xc0,0xff,0xff,0xff,0xff,0xff,0xff,0xff,0xff,0xc0,0xc0
    db 0xd5,0xea,0xc0,0xd5,0xc0,0xd5,0xea,0xc0,0x48,0x4c,0x5d,0xff,0xff,0xff,0xff,0xff
    db 0xff,0xff,0xff,0xff,0xff,0xff,0xff,0xff,0xff,0xff,0xff,0xff,0xff,0x75,0xae,0xae
    db 0xea,0xc0,0xea,0xea,0xc0,0xc0,0xff,0xff,0xff,0xff,0xd5,0xd5,0xff,0xc0,0xc0,0xc0
    db 0xc0,0xc0,0xc0,0xc0,0xc0,0xc0,0xc0,0x84,0x0c,0xcc,0xdd,0xff,0xff,0xff,0xff,0xff
    db 0xff,0xff,0xff,0xff,0xff,0xff,0xff,0xff,0xff,0xff,0xff,0xff,0x5d,0x48,0xc0,0xd5
    db 0xea,0xc0,0xd5,0xea,0xc0,0xd5,0xff,0xff,0xff,0xff,0xc0,0xc0,0xc0,0xc0,0xd5,0xea
    db 0xc0,0xd5,0x0c,0x0c,0x0c,0x0c,0xae,0xae,0x0c,0x4c,0xff,0xff,0xff,0xff,0xff,0xff
    db 0xff,0xff,0xff,0xff,0xff,0xff,0xff,0xff,0xff,0xff,0xff,0xff,0xc0,0xff,0xff,0xd5
    db 0xff,0xc0,0xc0,0xff,0x30,0x75,0xff,0xff,0xff,0xff,0xc0,0xc0,0xd5,0xc4,0x8c,0x5d
    db 0xc0,0xee,0xcc,0xcc,0x0c,0x0c,0x5d,0x48,0xee,0x0c,0xff,0xff,0xff,0xff,0xff,0xff
    db 0xff,0xff,0xff,0xff,0xff,0xff,0xff,0xff,0xff,0xff,0xff,0xff,0xff,0xff,0xea,0xc0
    db 0xff,0xc0,0x84,0xff,0x30,0xff,0xff,0xff,0xff,0xba,0xc0,0xc0,0x84,0xee,0x8c,0xcc
    db 0xc8,0xee,0xcc,0xcc,0xcc,0xcc,0x48,0xae,0xd5,0xee,0xff,0xff,0xff,0xff,0xff,0xff
    db 0xff,0xff,0xff,0xff,0xff,0xff,0xff,0xff,0xff,0xff,0xff,0xff,0xff,0xc0,0xc0,0xc0
    db 0xff,0xc0,0xc0,0xff,0x30,0xff,0xff,0xff,0xff,0xff,0xea,0xc0,0xc0,0xea,0xae,0xcc
    db 0x5d,0xee,0xcc,0xcc,0xcc,0x0c,0x5d,0x4c,0xc0,0x4c,0xff,0xff,0xff,0xff,0xff,0xff
    db 0xff,0xff,0xff,0xff,0xff,0xff,0xff,0xff,0xff,0xff,0xff,0xff,0xea,0xc0,0xea,0xc0
    db 0xd5,0xba,0x30,0xff,0x30,0xff,0xff,0xff,0xff,0xff,0xff,0x4c,0x48,0xc0,0xee,0xe4
    db 0x4c,0x0c,0xd8,0xe4,0x0c,0x0c,0x0c,0x0c,0x5d,0xee,0xff,0xff,0xff,0xff,0xff,0xff
    db 0xff,0xff,0xff,0xff,0xff,0xff,0xff,0xff,0xff,0xff,0xff,0xff,0xc0,0xd5,0xff,0x60
    db 0xd5,0xba,0x30,0xff,0x30,0xff,0xff,0xff,0xff,0xff,0xff,0xc4,0xcc,0xc8,0xee,0xa4
    db 0xcc,0x4c,0x4c,0x8c,0x8c,0x0c,0x5d,0xcc,0x48,0xcc,0xff,0xff,0xff,0xff,0xff,0xff
    db 0xff,0xff,0xff,0xff,0xff,0xff,0xff,0xff,0xff,0xff,0xff,0xff,0xff,0xea,0xff,0xba
    db 0x75,0xba,0x75,0xff,0xff,0xff,0xff,0xff,0xff,0xff,0xff,0xff,0xc0,0xc0,0xd5,0xc4
    db 0xcc,0x8c,0xc0,0xae,0x0c,0x0c,0x8c,0xcc,0x0c,0x4c,0xff,0xff,0xff,0xff,0xff,0xff
    db 0xff,0xff,0xff,0xff,0xff,0xff,0xff,0xff,0xff,0xff,0xff,0xff,0xff,0x30,0xff,0xff
    db 0x30,0xff,0xea,0xd5,0xff,0xff,0xff,0xff,0xff,0xff,0xff,0xff,0xff,0xd5,0x84,0xcc
    db 0xcc,0x0c,0x48,0xc0,0xae,0xcc,0xdd,0xd5,0x5d,0xd5,0xff,0xff,0xff,0xff,0xff,0xff
    db 0xff,0xff,0xff,0xff,0xff,0xff,0xff,0xff,0xff,0xff,0xff,0xff,0xff,0x30,0x75,0xff
    db 0xff,0xff,0xc0,0xd5,0xff,0xff,0xff,0xff,0xff,0xff,0xff,0xff,0xff,0xd5,0xae,0xcc
    db 0xc8,0x0c,0xae,0xea,0x84,0xee,0xe4,0xff,0xc4,0xdd,0xff,0xff,0xff,0xff,0xff,0xff
    db 0xff,0xff,0xff,0xff,0xff,0xff,0xff,0xff,0xff,0xff,0xff,0xff,0xff,0x30,0x75,0xff
    db 0xff,0xff,0xea,0xd5,0xff,0xff,0xff,0xff,0xff,0xff,0xff,0xff,0xff,0x5d,0x0c,0xcc
    db 0x8c,0x84,0x0c,0xea,0xc0,0xc0,0x84,0xcc,0xcc,0xff,0xff,0xff,0xff,0xff,0xff,0xff
    db 0xff,0xff,0xff,0xff,0xff,0xff,0xff,0xff,0xff,0xff,0xff,0xff,0xff,0x30,0xff,0xff
    db 0xea,0xff,0xff,0xd5,0xff,0xff,0xff,0xff,0xff,0xff,0xff,0xff,0xff,0x5d,0xcc,0xcc
    db 0xd5,0xae,0xae,0x5d,0xc0,0xea,0x0c,0xc4,0x8c,0xff,0xff,0xff,0xff,0xff,0xff,0xff
    db 0xff,0xff,0xff,0xff,0xff,0xff,0xff,0xff,0xff,0xff,0xff,0xff,0xff,0xff,0xff,0xff
    db 0xea,0xff,0xff,0xff,0xff,0xff,0xff,0xff,0xff,0xff,0xff,0xff,0xff,0xd5,0xcc,0xcc
    db 0xae,0xea,0xd5,0x0c,0x0c,0x0c,0x8c,0x4c,0x5d,0xff,0xff,0xff,0xff,0xff,0xff,0xff
    db 0xff,0xff,0xff,0xff,0xff,0xff,0xff,0xff,0xff,0xff,0xff,0xff,0xff,0xea,0xd5,0xd5
    db 0xea,0xff,0xff,0xff,0xff,0xff,0xff,0xff,0xff,0xff,0xff,0xff,0xff,0xff,0xcc,0xd8
    db 0xc0,0xc0,0xd5,0xae,0x0c,0x8c,0xae,0x48,0xdd,0xff,0xff,0xff,0xff,0xff,0xff,0xff
    db 0xff,0xff,0xff,0xff,0xff,0xff,0xff,0xff,0xff,0xff,0xff,0xff,0xff,0xea,0xd5,0xff
    db 0xff,0xff,0xff,0xff,0xff,0xff,0xff,0xff,0xff,0xff,0xff,0xff,0xff,0xff,0x70,0xe4
    db 0xc0,0xc0,0xea,0xc0,0x0c,0x84,0x0c,0xff,0xff,0xff,0xff,0xff,0xff,0xff,0xff,0xff
    db 0xff,0xff,0xff,0xff,0xff,0xff,0xff,0xff,0xff,0xff,0xff,0xff,0xff,0xff,0xd5,0xff
    db 0xff,0xff,0xff,0xff,0xff,0xff,0xff,0xff,0xff,0xff,0xff,0xff,0xff,0xff,0xfa,0xf5
    db 0xff,0xc0,0xd5,0xc0,0x5d,0x0c,0xee,0xff,0xff,0xff,0xff,0xff,0xff,0xff,0xff,0xff
    db 0xff,0xff,0xff,0xff,0xff,0xff,0xff,0xff,0xff,0xff,0xff,0xff,0xff,0xff,0xd5,0xff
    db 0xff,0xff,0xff,0xff,0xff,0xff,0xff,0xea,0xff,0xff,0xff,0xff,0xea,0xff,0xff,0xea
    db 0xff,0xc0,0xae,0x48,0xc4,0x48,0x4c,0xff,0xff,0xff,0xff,0xff,0xff,0xff,0xff,0xff
    db 0xff,0xff,0xff,0xff,0xff,0xff,0xff,0xff,0xff,0xff,0xff,0xff,0xff,0xff,0xff,0xff
    db 0xff,0xea,0xd5,0xff,0xff,0xff,0xff,0xea,0xdd,0xff,0xd5,0xff,0xc0,0xc0,0xea,0xd5
    db 0xc0,0xff,0xc4,0xcc,0xdd,0x0c,0x0c,0xff,0xff,0xff,0xff,0xff,0xff,0xff,0xff,0xff
    db 0xff,0xff,0xff,0xff,0xff,0xff,0xff,0xff,0xff,0xff,0xff,0xff,0xff,0xff,0xff,0xff
    db 0xff,0xea,0xc0,0xc4,0xff,0xff,0xff,0xea,0xdd,0xff,0xd5,0xea,0xc0,0xd5,0xea,0x0c
    db 0x0c,0xcc,0x48,0xcc,0xcc,0x5d,0xff,0xff,0xff,0xff,0xff,0xff,0xff,0xff,0xff,0xff
    db 0xff,0xff,0xff,0xff,0xff,0xff,0xff,0xff,0xff,0xff,0xff,0xff,0xff,0xff,0xff,0xff
    db 0xff,0xae,0x5d,0xee,0xc0,0xff,0x5d,0xff,0x98,0xea,0xea,0xc0,0x84,0x48,0xea,0x0c
    db 0xcc,0xcc,0x8c,0x84,0x4c,0x5d,0xff,0xff,0xff,0xff,0xff,0xff,0xff,0xff,0xff,0xff
    db 0xff,0xff,0xff,0xff,0xff,0xff,0xff,0xff,0xff,0xff,0xff,0xff,0xff,0xff,0xff,0xff
    db 0xff,0xae,0xdd,0xcc,0xc8,0xea,0xdd,0xff,0x98,0xea,0xc0,0xc0,0x0c,0x48,0xea,0x84
    db 0xcc,0xcc,0x0c,0x5d,0x0c,0x5d,0xff,0xff,0xff,0xff,0xff,0xff,0xff,0xff,0xff,0xff
    db 0xff,0xff,0xff,0xff,0xff,0xff,0xff,0xff,0xff,0xff,0xff,0xff,0xff,0xff,0xff,0xff
    db 0xff,0xee,0xc8,0xd8,0xe0,0xd5,0xcc,0xba,0x98,0xc0,0xc0,0x0c,0x0c,0x5d,0xea,0x84
    db 0xcc,0xcc,0x0c,0x8c,0x84,0xff,0xff,0xff,0xff,0xff,0xff,0xff,0xff,0xff,0xff,0xff
    db 0xff,0xff,0xff,0xff,0xff,0xff,0xff,0xff,0xff,0xff,0xff,0xff,0xff,0xff,0xff,0xff
    db 0xff,0xee,0xe0,0xfa,0xf0,0xd5,0xf0,0xba,0x60,0xc0,0x84,0x0c,0x0c,0x48,0xea,0xea
    db 0x4c,0xcc,0x0c,0xcc,0xcc,0xff,0xff,0xff,0xff,0xff,0xff,0xff,0xff,0xff,0xff,0xff
    db 0xff,0xff,0xff,0xff,0xff,0xff,0xff,0xff,0xff,0xff,0xff,0xff,0xff,0xff,0xff,0xff
    db 0xff,0xff,0xf5,0xfa,0xf0,0x90,0xf0,0x48,0xc0,0xc0,0xff,0x0c,0x0c,0xea,0xd5,0xff
    db 0x4c,0xcc,0xcc,0xcc,0x4c,0x5d,0xff,0xff,0xff,0xff,0xff,0xff,0xff,0xff,0xff,0xff
    db 0xff,0xff,0xff,0xff,0xff,0xff,0xff,0xff,0xff,0xff,0xff,0xff,0xff,0xff,0xff,0xff
    db 0xea,0x84,0xba,0xee,0x8c,0xd5,0xae,0xc0,0xc0,0xc0,0x84,0x0c,0xc0,0xff,0xc0,0xff
    db 0xc4,0xcc,0xcc,0xcc,0x4c,0xdd,0xff,0xff,0xff,0xff,0xff,0xff,0xff,0xff,0xff,0xff
    db 0xff,0xff,0xff,0xff,0xff,0xff,0xff,0xff,0xff,0xff,0xff,0xff,0xff,0xff,0xff,0xff
    db 0xea,0x48,0x84,0xc0,0xc4,0xea,0x48,0xea,0xc0,0xea,0x48,0x5d,0xd5,0x5d,0xd5,0xd5
    db 0xee,0xf0,0x0c,0xa4,0xcc,0xdd,0xff,0xff,0xff,0xff,0xff,0xff,0xff,0xff,0xff,0xff
    db 0xff,0xff,0xff,0xff,0xff,0xff,0xff,0xff,0xff,0xff,0xff,0xff,0xff,0xff,0xff,0xff
    db 0xea,0x5d,0x48,0xc0,0xea,0xc0,0x84,0x48,0x84,0x84,0x5d,0x0c,0x84,0xea,0xd5,0xff
    db 0xff,0xf0,0x4c,0x24,0x4c,0xdd,0xff,0xff,0xff,0xff,0xff,0xff,0xff,0xff,0xff,0xff
    db 0xff,0xff,0xff,0xff,0xff,0xff,0xff,0xff,0xff,0xff,0xff,0xff,0xff,0xff,0xff,0xff
    db 0xff,0xc0,0xc0,0xc0,0xc0,0xc0,0xea,0x0c,0xea,0x48,0xae,0x48,0x4c,0xc8,0xd5,0xea
    db 0x84,0x70,0xff,0xea,0x4c,0xdd,0xff,0xff,0xff,0xff,0xff,0xff,0xff,0xff,0xff,0xff
    db 0xff,0xff,0xff,0xff,0xff,0xff,0xff,0xff,0xff,0xff,0xff,0xff,0xff,0xff,0xff,0xff
    db 0xff,0xea,0xd5,0xc0,0xea,0xea,0x0c,0x0c,0x0c,0x0c,0xae,0x84,0x0c,0x48,0xff,0xff
    db 0x5d,0x0c,0xff,0xff,0xee,0xdd,0xff,0xff,0xff,0xff,0xff,0xff,0xff,0xff,0xff,0xff
    db 0xff,0xff,0xff,0xff,0xff,0xff,0xff,0xff,0xff,0xff,0xff,0xff,0xff,0xff,0xff,0xff
    db 0xff,0xff,0xc0,0xc0,0xc0,0x0c,0x0c,0x0c,0x0c,0x0c,0x48,0x84,0x0c,0xea,0xff,0xff
    db 0xcc,0xae,0xff,0xff,0xff,0xcc,0xff,0xff,0xff,0xff,0xff,0xff,0xff,0xff,0xff,0xff
    db 0xff,0xff,0xff,0xff,0xff,0xff,0xff,0xff,0xff,0xff,0xff,0xff,0xff,0xff,0xff,0xff
    db 0xff,0xff,0xff,0xea,0xff,0xc0,0xc0,0xd5,0xd5,0x0c,0xdd,0xea,0x84,0xea,0xff,0xc0
    db 0xee,0xcc,0xff,0xff,0xff,0x70,0xff,0xff,0xff,0xff,0xff,0xff,0xff,0xff,0xff,0xff
    db 0xff,0xff,0xff,0xff,0xff,0xff,0xff,0xff,0xff,0xff,0xff,0xff,0xff,0xff,0xff,0xff
    db 0xff,0xff,0xff,0xff,0xff,0xea,0xc0,0xc0,0xae,0x0c,0x0c,0xff,0xff,0xea,0xea,0x0c
    db 0xc4,0xf5,0xff,0xff,0xff,0xff,0xff,0xff,0xff,0xff,0xff,0xff,0xff,0xff,0xff,0xff
    db 0xff,0xff,0xff,0xff,0xff,0xff,0xff,0xff,0xff,0xff,0xff,0xff,0xff,0xff,0xff,0xff
    db 0xff,0xff,0xff,0xff,0xff,0xff,0x0c,0xc0,0xae,0x0c,0xae,0x0c,0x0c,0xd5,0xff,0xc0
    db 0xff,0xff,0xff,0xff,0xff,0xff,0xff,0xff,0xff,0xff,0xff,0xff,0xff,0xff,0xff,0xff
    db 0xff,0xff,0xff,0xff,0xff,0xff,0xff,0xff,0xff,0xff,0xff,0xff,0xff,0xff,0xff,0xff
    db 0xff,0xff,0xff,0xff,0xea,0xc0,0x0c,0xd5,0xff,0xff,0x5d,0x5d,0xd5,0xff,0xba,0xff
    db 0xff,0xff,0xff,0xff,0xff,0xff,0xff,0xff,0xff,0xff,0xff,0xff,0xff,0xff,0xff,0xff
    db 0xff,0xff,0xff,0xff,0xff,0xff,0xff,0xff,0xff,0xff,0xff,0xff,0xff,0xff,0xff,0xff
    db 0xff,0xff,0xff,0xff,0xc0,0xd5,0xc0,0xea,0xc0,0x5d,0xd5,0xff,0xff,0xff,0xff,0xff
    db 0xff,0xff,0xff,0xff,0xff,0xff,0xff,0xff,0xff,0xff,0xff,0xff,0xff,0xff,0xff,0xff
    db 0xff,0xff,0xff,0xff,0xff,0xff,0xff,0xff,0xff,0xff,0xff,0xff,0xff,0xff,0xff,0xff
    db 0xff,0xff,0xff,0xff,0xea,0xc0,0xd5,0xea,0xd5,0xd5,0xff,0xff,0xff,0xff,0xff,0xff
    db 0xff,0xff,0xff,0xff,0xff,0xff,0xff,0xff,0xff,0xff,0xff,0xff,0xff,0xff,0xff,0xff
    db 0xff,0xff,0xff,0xff,0xff,0xff,0xff,0xff,0xff,0xff,0xff,0xff,0xff,0xff,0xff,0xff
    db 0xff,0xff,0xff,0xff,0xea,0xc0,0xd5,0xff,0xff,0xff,0xff,0xff,0xff,0xff,0xff,0xff
    db 0xff,0xff,0xff,0xff,0xff,0xff,0xff,0xff,0xff,0xff,0xff,0xff,0xff,0xff,0xff,0xff
    db 0xff,0xff,0xff,0xff,0xff,0xff,0xff,0xff,0xff,0xff,0xff,0xff,0xff,0xff,0xff,0xff
    db 0xff,0xff,0xff,0xff,0xff,0xd5,0xff,0xff,0xff,0xff,0xff,0xff,0xff,0xff,0xff,0xff
    db 0xff,0xff,0xff,0xff,0xff,0xff,0xff,0xff,0xff,0xff,0xff,0xff,0xff,0xff,0xff,0xff
    db 0xff,0xff,0xff,0xff,0xff,0xff,0xff,0xff,0xff,0xff,0xff,0xff,0xff,0xff,0xff,0xff
    db 0xff,0xff,0xff,0xff,0xff,0xff,0xff,0xff,0xff,0xff,0xff,0xff,0xff,0xff,0xff,0xff
    db 0xff,0xff,0xff,0xff,0xff,0xff,0xff,0xff,0xff,0xff,0xff,0xff,0xff,0xff,0xff,0xff
    db 0xff,0xff,0xff,0xff,0xff,0xff,0xff,0xff,0xff,0xff,0xff,0xff,0xff,0xff,0xff,0xff
    db 0xff,0xff,0xff,0xff,0xff,0xff,0xff,0xff,0xff,0xff,0xff,0xff,0xff,0xff,0xff,0xff
    db 0xff,0xff,0xff,0xff,0xff,0xff,0xff,0xff,0xff,0xff,0xff,0xff,0xff,0xff,0xff,0xff
    db 0xff,0xff,0xff,0xff,0xff,0xff,0xff,0xff,0xff,0xff,0xff,0xff,0xff,0xff,0xff,0xff
    db 0xff,0xff,0xff,0xff,0xff,0xff,0xff,0xff,0xff,0xff,0xff,0xff,0xff,0xff,0xff,0xff
    db 0xff,0xff,0xff,0xff,0xff,0xff,0xff,0xff,0xff,0xff,0xff,0xff,0xff,0xff,0xff,0xff
    db 0xff,0xff,0xff,0xff,0xff,0xff,0xff,0xff,0xff,0xff,0xff,0xff,0xff,0xff,0xff,0xff
    db 0xff,0xff,0xff,0xff,0xff,0xff,0xff,0xff,0xff,0xff,0xff,0xff,0xff,0xff,0xff,0xff
    db 0xff,0xff,0xff,0xff,0xff,0xff,0xff,0xff,0xff,0xff,0xff,0xff,0xff,0xff,0xff,0xff
    db 0xff,0xff,0xff,0xff,0xff,0xff,0xff,0xff,0xff,0xff,0xff,0xff,0xff,0xff,0xff,0xff
    db 0xff,0xff,0xff,0xff,0xff,0xff,0xff,0xff,0xff,0xff,0xff,0xff,0xff,0xff,0xff,0xff
    db 0xff,0xff,0xff,0xff,0xff,0xff,0xff,0xff,0xff,0xff,0xff,0xff,0xff,0xff,0xff,0xff
    db 0xff,0xff,0xff,0xff,0xff,0xff,0xff,0xff,0xff,0xff,0xff,0xff,0xff,0xff,0xff,0xff
    db 0xff,0xff,0xff,0xff,0xff,0xff,0xff,0xff,0xff,0xff,0xff,0xff,0xff,0xff,0xff,0xff
    db 0xff,0xff,0xff,0xff,0xff,0xff,0xff,0xff,0xff,0xff,0xff,0xff,0xff,0xff,0xff,0xff

frame_3:
    db 0xff,0xff,0xff,0xff,0xff,0xff,0xff,0xff,0xff,0xff,0xff,0xff,0xff,0xff,0xff,0xff
    db 0xff,0xff,0xff,0xff,0xff,0xff,0xff,0xea,0xcc,0xff,0xff,0xff,0xff,0xff,0xff,0xff
    db 0xff,0xff,0xff,0xff,0xff,0xff,0xff,0xff,0xff,0xff,0xff,0xff,0xff,0xff,0xff,0xff
    db 0xff,0xff,0xff,0xff,0xff,0xff,0xff,0xff,0xff,0xff,0xff,0xff,0xff,0xff,0xff,0xff
    db 0xff,0xff,0xff,0xff,0xff,0xff,0xff,0xf5,0x4c,0xcc,0xdd,0xff,0xff,0xff,0xff,0xff
    db 0xff,0xff,0xff,0xff,0xff,0xff,0xff,0xff,0xff,0xff,0xff,0xff,0xff,0xff,0xff,0xff
    db 0xff,0xff,0xff,0xff,0xff,0xff,0xff,0xff,0xff,0xff,0xff,0xff,0xff,0xff,0xff,0xff
    db 0xff,0xff,0xff,0xff,0xff,0xff,0xee,0xf0,0xee,0xcc,0xcc,0xff,0xff,0xff,0xff,0xea
    db 0x4c,0xdd,0xff,0xff,0xff,0xff,0xff,0xff,0xff,0xff,0xff,0xff,0xff,0xff,0xff,0xff
    db 0xff,0xff,0xff,0xff,0xff,0xff,0xff,0xff,0xff,0xff,0xff,0xff,0x0c,0x4c,0xcc,0xcc
    db 0xcc,0xff,0xff,0xff,0xff,0xff,0xee,0xf0,0xf5,0x4c,0xcc,0xcc,0xff,0xff,0xff,0xff
    db 0x4c,0xcc,0xcc,0xff,0xff,0xff,0xff,0xff,0xff,0xff,0xff,0xff,0xff,0xff,0xff,0xff
    db 0xff,0xff,0xff,0xff,0xff,0xff,0xff,0xff,0xff,0xff,0xff,0xff,0xae,0x4c,0xcc,0xcc
    db 0xcc,0xdd,0xff,0xff,0xff,0xff,0xff,0xf0,0xf0,0xc4,0x8c,0xcc,0xcc,0xff,0xfa,0xf5
    db 0x84,0xcc,0xcc,0xcc,0xff,0xff,0xff,0xff,0xff,0xff,0xff,0xff,0xff,0xff,0xff,0xff
    db 0xff,0xff,0xff,0xff,0xff,0xff,0xff,0xff,0xff,0xff,0xff,0xd8,0xe0,0x4c,0xcc,0xcc
    db 0xcc,0xcc,0xdd,0xff,0xff,0xff,0xea,0x64,0xf0,0xff,0x0c,0x4c,0xcc,0xff,0x70,0xf0
    db 0xea,0x4c,0xcc,0xcc,0xf5,0xff,0xff,0xff,0xff,0xff,0xff,0xff,0xff,0xff,0xff,0xff
    db 0xff,0xff,0xff,0xff,0xff,0xff,0xff,0xff,0xff,0xff,0xff,0xd8,0xe4,0x0c,0xcc,0xcc
    db 0xcc,0xcc,0xcc,0xcc,0xff,0xff,0xff,0x30,0xd8,0xc0,0xff,0x0c,0xcc,0xff,0x70,0xf0
    db 0x75,0xee,0xcc,0xcc,0xcc,0xdd,0xff,0xff,0xff,0xff,0xff,0xff,0xff,0xff,0xff,0xff
    db 0xff,0xff,0xff,0xff,0xff,0xff,0xff,0xff,0xff,0xff,0xff,0xd8,0xf0,0x84,0x4c,0xcc
    db 0xcc,0xcc,0xcc,0xcc,0xdd,0xff,0xff,0xff,0x64,0xc0,0xc0,0x84,0x8c,0xdd,0x64,0xf0
    db 0xf5,0xae,0x8c,0x4c,0xcc,0xdd,0xff,0xff,0xff,0xff,0xff,0xff,0xff,0xff,0xff,0xff
    db 0xff,0xff,0xff,0xff,0xff,0xff,0xff,0xff,0xff,0xff,0xff,0xfa,0xf0,0xe0,0x0c,0xcc
    db 0xcc,0xcc,0xcc,0xcc,0xcc,0xdd,0xff,0xff,0xea,0xc0,0xff,0xd5,0x0c,0xdd,0xc4,0xf0
    db 0xb0,0xd5,0x0c,0x0c,0x4c,0xcc,0xff,0xff,0xff,0xff,0xff,0xff,0xff,0xff,0xff,0xff
    db 0xff,0xff,0xff,0xff,0xff,0xff,0xff,0xff,0xff,0xff,0xff,0xee,0xd8,0xe0,0xae,0x0c
    db 0x0c,0x0c,0x0c,0x4c,0xcc,0x8c,0xff,0xff,0xff,0xff,0xea,0xea,0x0c,0x5d,0xba,0xcc
    db 0xf0,0xea,0x0c,0x0c,0x4c,0xcc,0xff,0xff,0xff,0xff,0xff,0xff,0xff,0xff,0xff,0xff
    db 0xff,0xff,0xff,0xff,0xff,0xff,0xff,0xff,0xff,0xff,0xff,0xba,0x64,0xdd,0x84,0x5d
    db 0xc0,0xea,0xff,0x0c,0xcc,0xcc,0xdd,0xff,0xff,0xff,0xff,0xff,0x4c,0xdd,0xff,0x64
    db 0xcc,0xc0,0x0c,0x0c,0x0c,0xcc,0xdd,0xff,0xff,0xff,0xff,0xff,0xff,0xff,0xff,0xff
    db 0xff,0xff,0xff,0xff,0xff,0xff,0xff,0xff,0xff,0xff,0xff,0xff,0xba,0x60,0xc0,0xd5
    db 0x5d,0xc0,0xd5,0x0c,0x4c,0xcc,0xcc,0xff,0xff,0xff,0xba,0x75,0xc4,0xdd,0xff,0xba
    db 0x30,0xff,0xd5,0xc0,0x84,0x4c,0xcc,0xff,0xff,0xff,0xff,0xff,0xff,0xff,0xff,0xff
    db 0xff,0xff,0xff,0xff,0xff,0xff,0xff,0xff,0xff,0xff,0xff,0xff,0xff,0xea,0xc0,0xff
    db 0xd5,0xc0,0xc0,0x0c,0x0c,0xcc,0xcc,0xff,0xff,0xff,0xff,0x75,0x84,0x4c,0xff,0xff
    db 0xba,0xc0,0xc0,0xd5,0xea,0x4c,0xcc,0xff,0xff,0xff,0xff,0xff,0xff,0xff,0xff,0xff
    db 0xff,0xff,0xff,0xff,0xff,0xff,0xff,0xff,0xff,0xff,0xff,0xff,0xff,0xff,0xff,0xff
    db 0xff,0xd5,0x84,0xd5,0xae,0x4c,0xcc,0xdd,0xff,0xff,0xff,0x30,0xae,0x4c,0xff,0xff
    db 0xff,0xea,0xd5,0xff,0xff,0x84,0xcc,0xff,0xff,0xff,0xff,0xff,0xff,0xff,0xff,0xff
    db 0xff,0xff,0xff,0xff,0xff,0xff,0xff,0xff,0xff,0xff,0xff,0xff,0xff,0xff,0xff,0xff
    db 0xff,0xba,0x8c,0x8c,0xea,0xae,0xcc,0xcc,0xdd,0xff,0xff,0xba,0xae,0x4c,0xf0,0xff
    db 0xff,0xea,0xff,0xea,0xff,0xea,0x4c,0x5d,0xff,0xff,0xff,0xff,0xff,0xff,0xff,0xff
    db 0xff,0xff,0xff,0xff,0xff,0xff,0xff,0xff,0xff,0xff,0xff,0xff,0xff,0xff,0xff,0xff
    db 0xff,0xf0,0xc4,0xcc,0x8c,0xd5,0x4c,0xcc,0xdd,0xff,0xff,0x75,0x0c,0x0c,0xf0,0x5d
    db 0xff,0xff,0xff,0xff,0xff,0xff,0x84,0xcc,0xff,0xff,0xff,0xff,0xff,0xff,0xff,0xff
    db 0xff,0xff,0xff,0xff,0xff,0xff,0xff,0xff,0xff,0xff,0xff,0xff,0xff,0xff,0xff,0xff
    db 0xff,0xf0,0xc4,0xcc,0xcc,0xe4,0xcc,0xcc,0xdd,0xff,0xff,0x24,0x0c,0x5d,0xf5,0xcc
    db 0xff,0xff,0xff,0xff,0xc0,0xff,0x84,0xcc,0xff,0xff,0xff,0xff,0xff,0xff,0xff,0xff
    db 0xff,0xff,0xff,0xff,0xff,0xff,0xff,0xff,0xff,0xff,0xff,0xff,0xff,0xff,0xff,0xff
    db 0xee,0xf0,0xc4,0xcc,0x8c,0x4c,0xcc,0xcc,0xcc,0xdd,0xba,0x24,0x0c,0x4c,0xc0,0x0c
    db 0x0c,0xba,0xff,0xff,0xc0,0xff,0xff,0x4c,0xff,0xff,0xff,0xff,0xff,0xff,0xff,0xff
    db 0xff,0xff,0xff,0xff,0xff,0xff,0xff,0xff,0xff,0xff,0xff,0xff,0xff,0xff,0xff,0xff
    db 0xee,0xf0,0xc4,0xcc,0x4c,0xcc,0xcc,0x4c,0xcc,0xdd,0xcc,0x84,0x0c,0xba,0xd5,0x0c
    db 0xcc,0xba,0xff,0xff,0xc0,0xc0,0xff,0x0c,0xff,0xff,0xff,0xff,0xff,0xff,0xff,0xff
    db 0xff,0xff,0xff,0xff,0xff,0xff,0xff,0xff,0xff,0xff,0xff,0xff,0xff,0xff,0xff,0xff
    db 0xee,0xf0,0x84,0xcc,0x0c,0x0c,0x0c,0x0c,0xcc,0xcc,0xcc,0x84,0x0c,0xff,0xc0,0xd5
    db 0x84,0x5d,0x75,0xff,0xc0,0xc0,0xd5,0x0c,0xff,0xff,0xff,0xff,0xff,0xff,0xff,0xff
    db 0xff,0xff,0xff,0xff,0xff,0xff,0xff,0xff,0xff,0xff,0xff,0xff,0xff,0xff,0xff,0xff
    db 0xba,0xd8,0xea,0x0c,0x0c,0x0c,0x0c,0x4c,0xcc,0x48,0xc0,0x0c,0x0c,0xff,0xd5,0xff
    db 0xae,0x0c,0x30,0xba,0xc0,0xc0,0xd5,0x0c,0xff,0xff,0xff,0xff,0xff,0xff,0xff,0xff
    db 0xff,0xff,0xff,0xff,0xff,0xff,0xff,0xff,0xff,0xff,0xff,0xff,0xff,0xff,0xff,0xff
    db 0xff,0x64,0xea,0x0c,0x0c,0x0c,0x0c,0x0c,0x4c,0x48,0xc0,0xae,0x0c,0xff,0xff,0xff
    db 0xea,0x0c,0xba,0xff,0xc0,0xc0,0x84,0x0c,0xff,0xff,0xff,0xff,0xff,0xff,0xff,0xff
    db 0xff,0xff,0xff,0xff,0xff,0xff,0xff,0xff,0xff,0xff,0xff,0xff,0xff,0xff,0xff,0xff
    db 0xff,0x30,0x60,0x84,0xff,0xff,0x0c,0x5d,0x0c,0xea,0xff,0xff,0x5d,0xff,0xff,0xff
    db 0xea,0x0c,0x5d,0x75,0xea,0xc0,0x84,0x0c,0xff,0xff,0xff,0xff,0xff,0xff,0xff,0xff
    db 0xff,0xff,0xff,0xff,0xff,0xff,0xff,0xff,0xff,0xff,0xff,0xff,0xff,0xff,0xff,0xff
    db 0xff,0xff,0xff,0xc0,0xc0,0xc0,0xff,0xff,0x5d,0xea,0xd5,0xff,0xee,0xff,0xff,0xff
    db 0xba,0x84,0x5d,0xff,0xc0,0xea,0xd5,0x0c,0xff,0xff,0xff,0xff,0xff,0xff,0xff,0xff
    db 0xff,0xff,0xff,0xff,0xff,0xff,0xff,0xff,0xff,0xff,0xff,0xff,0xff,0xff,0xff,0xff
    db 0xff,0xff,0xff,0xc0,0xc0,0xc0,0xc0,0xc0,0xea,0xc0,0xff,0xff,0xba,0x75,0xff,0xff
    db 0xff,0xd5,0xd5,0x75,0xc0,0xc0,0xd5,0x0c,0xff,0xff,0xff,0xff,0xff,0xff,0xff,0xff
    db 0xff,0xff,0xff,0xff,0xff,0xff,0xff,0xff,0xff,0xff,0xff,0xff,0xff,0xff,0xff,0xff
    db 0xff,0xff,0xff,0xff,0xff,0xff,0xff,0xff,0xff,0xff,0xff,0xff,0xea,0xd5,0xff,0xff
    db 0xff,0xea,0xd5,0x30,0xc0,0xc0,0xae,0x5d,0xff,0xff,0xff,0xff,0xff,0xff,0xff,0xff
    db 0xff,0xff,0xff,0xff,0xff,0xff,0xff,0xff,0xff,0xff,0xff,0xff,0xff,0xff,0xff,0xff
    db 0xff,0xff,0xff,0xff,0xba,0xdd,0xff,0xff,0xff,0xff,0xff,0xff,0xff,0xc4,0xff,0xff
    db 0xff,0xff,0xff,0x60,0xc0,0xc0,0xae,0x5d,0xff,0xff,0xff,0xff,0xff,0xff,0xff,0xff
    db 0xff,0xff,0xff,0xff,0xff,0xff,0xff,0xff,0xff,0xff,0xff,0xff,0xff,0xff,0xff,0xff
    db 0xff,0xff,0xff,0xff,0xba,0xae,0xae,0x0c,0xff,0xff,0xff,0xff,0xff,0xd5,0xdd,0xff
    db 0xff,0xff,0x75,0xc0,0xd5,0x5d,0xc0,0xff,0xff,0xff,0xff,0xff,0xff,0xff,0xff,0xff
    db 0xff,0xff,0xff,0xff,0xff,0xff,0xff,0xff,0xff,0xff,0xff,0xff,0xff,0xff,0xff,0xff
    db 0xff,0xff,0xff,0xff,0xee,0x84,0xff,0x0c,0xff,0xff,0xff,0xff,0xff,0xc0,0x5d,0xff
    db 0xff,0xba,0x98,0xc0,0xc0,0xea,0xea,0xff,0xff,0xff,0xff,0xff,0xff,0xff,0xff,0xff
    db 0xff,0xff,0xff,0xff,0xff,0xff,0xff,0xff,0xff,0xff,0xff,0xff,0xff,0xff,0xff,0xff
    db 0xff,0xff,0xff,0xff,0xff,0xea,0x0c,0x0c,0xff,0xff,0xf5,0x0c,0xff,0xc0,0x4c,0xff
    db 0xff,0xba,0x30,0xc0,0xea,0xc0,0xae,0x5d,0xff,0xff,0xff,0xff,0xff,0xff,0xff,0xff
    db 0xff,0xff,0xff,0xff,0xff,0xff,0xff,0xff,0xff,0xff,0xff,0xff,0xff,0xff,0xff,0xff
    db 0xff,0xff,0x0c,0x4c,0xcc,0x0c,0x5d,0xc0,0xfa,0xf0,0xe0,0x4c,0xcc,0xff,0x84,0xdd
    db 0xff,0xba,0x60,0xc0,0xc0,0xff,0xd5,0x58,0xff,0xff,0xff,0xff,0xff,0xff,0xff,0xff
    db 0xff,0xff,0xff,0xff,0xff,0xff,0xff,0xff,0xff,0xff,0xff,0xff,0xff,0xff,0xff,0xff
    db 0xff,0x4c,0x0c,0x18,0x0c,0x84,0xc0,0xd5,0xfa,0xf0,0xe0,0x4c,0xcc,0xcc,0x0c,0x5d
    db 0xff,0xba,0xc0,0xc0,0xc0,0xc0,0x5d,0xff,0xff,0xff,0xff,0xff,0xff,0xff,0xff,0xff
    db 0xff,0xff,0xff,0xff,0xff,0xff,0xff,0xff,0xff,0xff,0xff,0xff,0xff,0xff,0xff,0xff
    db 0xff,0xcc,0x5d,0x18,0x5d,0xc0,0xc0,0xff,0xd8,0xf0,0x48,0xee,0xcc,0x8c,0x58,0x0c
    db 0x4c,0x48,0xc0,0xea,0xc0,0x84,0xae,0x5d,0xff,0xff,0xff,0xff,0xff,0xff,0xff,0xff
    db 0xff,0xff,0xff,0xff,0xff,0xff,0xff,0xff,0xff,0xff,0xff,0xff,0xff,0xff,0xff,0xff
    db 0xa4,0x8c,0x48,0xea,0x5d,0xc0,0xd5,0xea,0xfa,0xf0,0xc0,0xee,0x4c,0x0c,0x4c,0x4c
    db 0x4c,0xcc,0xcc,0x48,0xd5,0x0c,0x48,0x4c,0xff,0xff,0xff,0xff,0xff,0xff,0xff,0xff
    db 0xff,0xff,0xff,0xff,0xff,0xff,0xff,0xff,0xff,0xff,0xff,0xff,0xff,0xff,0xff,0xff
    db 0x8c,0x0c,0xc8,0x48,0xc0,0xd5,0xd5,0xff,0xfa,0xf0,0xea,0x4c,0xcc,0xcc,0xff,0x4c
    db 0x0c,0xa4,0xcc,0xcc,0xdd,0x0c,0x0c,0x0c,0xff,0xff,0xff,0xff,0xff,0xff,0xff,0xff
    db 0xff,0xff,0xff,0xff,0xff,0xff,0xff,0xff,0xff,0xff,0xff,0xff,0xff,0xff,0xff,0xff
    db 0x24,0x5d,0xea,0xc0,0xd5,0xff,0xff,0xff,0xc4,0xf0,0xea,0x0c,0x0c,0xa4,0xcc,0x8c
    db 0xae,0xae,0x4c,0xcc,0xcc,0x8c,0x0c,0x0c,0xff,0xff,0xff,0xff,0xff,0xff,0xff,0xff
    db 0xff,0xff,0xff,0xff,0xff,0xff,0xff,0xff,0xff,0xff,0xff,0xff,0xff,0xff,0xff,0xff
    db 0xfa,0xdd,0xc0,0xd5,0xff,0xea,0xc0,0xd5,0xc4,0xd8,0xea,0x84,0x5d,0xae,0x0c,0xae
    db 0xea,0x84,0x0c,0xcc,0xcc,0xcc,0x0c,0x0c,0xff,0xff,0xff,0xff,0xff,0xff,0xff,0xff
    db 0xff,0xff,0xff,0xff,0xff,0xff,0xff,0xff,0xff,0xff,0xff,0xff,0xff,0xff,0xff,0xff
    db 0xea,0xc0,0xea,0xff,0xc0,0xc0,0xc0,0xdd,0xba,0xcc,0xea,0xae,0x5d,0xae,0xff,0xff
    db 0xc0,0xae,0x0c,0x0c,0x8c,0xcc,0xcc,0xae,0xff,0xff,0xff,0xff,0xff,0xff,0xff,0xff
    db 0xff,0xff,0xff,0xff,0xff,0xff,0xff,0xff,0xff,0xff,0xff,0xff,0xff,0xff,0xff,0xba
    db 0x30,0xff,0xea,0xc0,0x64,0xea,0x90,0x75,0xff,0x30,0xea,0xc0,0xae,0x0c,0xea,0xea
    db 0xc0,0x0c,0x0c,0x0c,0x8c,0x4c,0xcc,0xcc,0xff,0xff,0xff,0xff,0xff,0xff,0xff,0xff
    db 0xff,0xff,0xff,0xff,0xff,0xff,0xff,0xff,0xff,0xff,0xff,0xff,0xff,0xff,0xff,0xff
    db 0x30,0x60,0xc0,0xff,0xcc,0x4c,0xcc,0xcc,0xff,0xff,0xea,0xc0,0xd5,0x48,0xc0,0xc0
    db 0xc0,0xc0,0x84,0x0c,0x0c,0x0c,0xcc,0xd8,0xdd,0xff,0xff,0xff,0xff,0xff,0xff,0xff
    db 0xff,0xff,0xff,0xff,0xff,0xff,0xff,0xff,0xff,0xff,0xff,0xff,0xff,0xff,0xea,0xd5
    db 0x30,0x60,0xc0,0x98,0xff,0xcc,0xcc,0x8c,0xff,0xff,0xff,0xc0,0xc0,0xd5,0xc0,0xc0
    db 0xc0,0xc0,0xc0,0xc0,0xae,0x0c,0x4c,0xcc,0xdd,0xff,0xff,0xff,0xff,0xff,0xff,0xff
    db 0xff,0xff,0xff,0xff,0xff,0xff,0xff,0xff,0xff,0xff,0xff,0xff,0xff,0xba,0xd5,0xd5
    db 0xea,0x84,0x5d,0xba,0xc4,0xcc,0xcc,0x0c,0xae,0xff,0xff,0xea,0xff,0xff,0xff,0xff
    db 0xff,0xff,0xc0,0xc0,0xae,0x0c,0x4c,0xcc,0xcc,0xff,0xff,0xff,0xff,0xff,0xff,0xff
    db 0xff,0xff,0xff,0xff,0xff,0xff,0xff,0xff,0xff,0xff,0xff,0xff,0xff,0xff,0xd5,0xc0
    db 0xff,0xff,0x84,0xea,0x48,0xcc,0xcc,0xcc,0xcc,0xdd,0xff,0xff,0x30,0x64,0xea,0xc0
    db 0xea,0xff,0xff,0xea,0xc0,0xff,0xea,0x84,0x0c,0xff,0xff,0xff,0xff,0xff,0xff,0xff
    db 0xff,0xff,0xff,0xff,0xff,0xff,0xff,0xff,0xff,0xff,0xff,0xff,0xff,0xff,0xc0,0x90
    db 0x84,0x0c,0xea,0x0c,0xc0,0xc4,0xcc,0xcc,0xcc,0xcc,0x4c,0x0c,0xee,0x30,0xc0,0xc0
    db 0xc0,0xff,0xff,0xff,0xff,0xc0,0xc0,0x84,0xee,0xff,0xff,0xff,0xff,0xff,0xff,0xff
    db 0xff,0xff,0xff,0xff,0xff,0xff,0xff,0xff,0xff,0xff,0xff,0xff,0xea,0xc0,0xc0,0xc4
    db 0x8c,0x8c,0x0c,0x5d,0xd5,0xae,0x4c,0xd8,0xcc,0xcc,0x8c,0x4c,0x5d,0xea,0xd5,0xd5
    db 0x0c,0x4c,0xd5,0xff,0xff,0xff,0xd5,0xd5,0x4c,0x5d,0xff,0xff,0xff,0xff,0xff,0xff
    db 0xff,0xff,0xff,0xff,0xff,0xff,0xff,0xff,0xff,0xff,0xff,0xff,0xc0,0x90,0xd5,0x0c
    db 0x0c,0x8c,0xcc,0x8c,0xea,0xc0,0xba,0xcc,0xdd,0x0c,0xdd,0x0c,0xc8,0x48,0x0c,0x4c
    db 0xcc,0xff,0xc0,0xff,0xff,0xff,0xea,0xc0,0xc4,0x5d,0xff,0xff,0xff,0xff,0xff,0xff
    db 0xff,0xff,0xff,0xff,0xff,0xff,0xff,0xff,0xff,0xff,0xff,0xff,0xc0,0xc0,0xc0,0xea
    db 0x5d,0x18,0xdd,0x4c,0x48,0x5d,0xc0,0xff,0xff,0x0c,0x5d,0xae,0x0c,0x48,0xae,0x0c
    db 0xcc,0x98,0xff,0xff,0xff,0xff,0xff,0xea,0xd5,0x5d,0xff,0xff,0xff,0xff,0xff,0xff
    db 0xff,0xff,0xff,0xff,0xff,0xff,0xff,0xff,0xff,0xff,0xff,0xff,0xc0,0xc0,0xd5,0xea
    db 0x0c,0x48,0x5d,0xcc,0x5d,0xea,0xc0,0xae,0xcc,0x8c,0xc0,0xd5,0x0c,0x4c,0x0c,0x0c
    db 0x98,0x30,0xff,0xff,0xff,0xff,0xff,0xff,0x84,0xff,0xff,0xff,0xff,0xff,0xff,0xff
    db 0xff,0xff,0xff,0xff,0xff,0xff,0xff,0xff,0xff,0xff,0xff,0xff,0xea,0xc0,0xea,0xd5
    db 0xea,0x48,0x8c,0x4c,0x8c,0x0c,0xd5,0xd5,0xee,0x8c,0xff,0x4c,0x5d,0xee,0x8c,0x5d
    db 0x30,0x75,0xff,0xff,0xff,0xff,0xff,0xea,0xc0,0xd5,0xff,0xff,0xff,0xff,0xff,0xff
    db 0xff,0xff,0xff,0xff,0xff,0xff,0xff,0xff,0xff,0xff,0xff,0xff,0x64,0xf0,0xf0,0xe4
    db 0xff,0x48,0x8c,0x0c,0x4c,0x4c,0xc8,0x48,0xd5,0xc0,0xc0,0x4c,0x48,0xd5,0x5d,0x90
    db 0x75,0xff,0xff,0xff,0xff,0xff,0xff,0xc0,0xd5,0xdd,0xff,0xff,0xff,0xff,0xff,0xff
    db 0xff,0xff,0xff,0xff,0xff,0xff,0xff,0xff,0xff,0xff,0xff,0xea,0xd8,0xf0,0xf0,0xf0
    db 0xf5,0xc8,0x0c,0x4c,0x8c,0x84,0xff,0xff,0xff,0xea,0xc0,0xd5,0xc0,0xc0,0xc0,0x90
    db 0xff,0xff,0xff,0xff,0xff,0xff,0xff,0xc0,0xc0,0xe4,0xff,0xff,0xff,0xff,0xff,0xff
    db 0xff,0xff,0xff,0xff,0xff,0xff,0xff,0xff,0xff,0xff,0xff,0x90,0xd8,0xf0,0xf0,0xf0
    db 0x84,0x0c,0x0c,0x4c,0xd5,0xd5,0xff,0xff,0xc0,0xff,0xea,0xea,0xc0,0xc0,0xc0,0xd5
    db 0xff,0xff,0xff,0xff,0xff,0xff,0xff,0xea,0xff,0xcc,0xff,0xff,0xff,0xff,0xff,0xff
    db 0xff,0xff,0xff,0xff,0xff,0xff,0xff,0xff,0xff,0xff,0xff,0x90,0xcc,0xf0,0xf0,0xf5
    db 0x84,0x0c,0x4c,0x0c,0xc0,0xff,0xff,0xff,0x75,0xff,0xff,0xff,0xff,0xff,0xff,0xff
    db 0xff,0xff,0xff,0xff,0xff,0xff,0xff,0xff,0x5d,0xc4,0xff,0xff,0xff,0xff,0xff,0xff
    db 0xff,0xff,0xff,0xff,0xff,0xff,0xff,0xff,0xff,0xff,0xff,0xba,0x64,0xe4,0xf0,0x5d
    db 0x0c,0xcc,0xcc,0x5d,0xc0,0xc0,0xff,0xff,0xff,0xff,0xff,0xff,0xff,0xff,0xea,0xff
    db 0xff,0xff,0xff,0xff,0xea,0xd5,0xff,0xc0,0xc0,0xd5,0xff,0xff,0xff,0xff,0xff,0xff
    db 0xff,0xff,0xff,0xff,0xff,0xff,0xff,0xff,0xff,0xff,0xff,0xff,0x30,0xcc,0xc8,0x5d
    db 0x0c,0xc0,0xd5,0xea,0xc0,0xc0,0xff,0xff,0xff,0xff,0xff,0xff,0xff,0xc0,0xc0,0xc0
    db 0xc0,0xea,0xc0,0xc0,0xff,0xff,0xff,0xae,0x0c,0xee,0x5d,0xff,0xff,0xff,0xff,0xff
    db 0xff,0xff,0xff,0xff,0xff,0xff,0xff,0xff,0xff,0xff,0xff,0xff,0xff,0x75,0xff,0xc0
    db 0xff,0xff,0xc0,0xea,0xc0,0xc0,0xff,0xff,0xff,0xff,0xc0,0xc0,0xff,0xc0,0xc0,0xc0
    db 0xc0,0xc0,0xc0,0xc0,0xc0,0xc0,0xc0,0x0c,0x0c,0xcc,0xdd,0xff,0xff,0xff,0xff,0xff
    db 0xff,0xff,0xff,0xff,0xff,0xff,0xff,0xff,0xff,0xff,0xff,0xff,0x5d,0xc0,0xc0,0xff
    db 0xea,0xc0,0xc0,0xea,0xc0,0xc0,0xff,0xff,0xff,0xff,0xc0,0xc0,0xc0,0xd5,0xff,0xea
    db 0xc0,0xc0,0x0c,0x0c,0x0c,0x0c,0xae,0x0c,0xae,0x4c,0xff,0xff,0xff,0xff,0xff,0xff
    db 0xff,0xff,0xff,0xff,0xff,0xff,0xff,0xff,0xff,0xff,0xff,0xff,0xc0,0xff,0xea,0xc0
    db 0xea,0xc0,0x84,0xea,0xd8,0x75,0xff,0xff,0xff,0xff,0xc0,0xc0,0xea,0xc4,0x8c,0x0c
    db 0xea,0xc4,0xcc,0xcc,0x8c,0x0c,0xff,0x48,0xc4,0x0c,0xff,0xff,0xff,0xff,0xff,0xff
    db 0xff,0xff,0xff,0xff,0xff,0xff,0xff,0xff,0xff,0xff,0xff,0xff,0xff,0xff,0xea,0xc0
    db 0xea,0xc0,0xae,0xba,0xcc,0x75,0xff,0xff,0xff,0xba,0xea,0xc0,0xc0,0xae,0x84,0xcc
    db 0x48,0xee,0xcc,0xcc,0xcc,0xcc,0x48,0xc4,0xd5,0xae,0xff,0xff,0xff,0xff,0xff,0xff
    db 0xff,0xff,0xff,0xff,0xff,0xff,0xff,0xff,0xff,0xff,0xff,0xff,0xff,0xc0,0xc0,0xc0
    db 0xea,0xc0,0x90,0xff,0x30,0xff,0xff,0xff,0xff,0xff,0xff,0x0c,0x48,0xff,0xee,0xe4
    db 0x0c,0xc0,0xcc,0xe4,0x8c,0x0c,0x84,0x4c,0x48,0x4c,0xff,0xff,0xff,0xff,0xff,0xff
    db 0xff,0xff,0xff,0xff,0xff,0xff,0xff,0xff,0xff,0xff,0xff,0xff,0xea,0xc0,0xea,0xc0
    db 0xd5,0x30,0x64,0xff,0x30,0xff,0xff,0xff,0xff,0xff,0xff,0x4c,0xdd,0xea,0xee,0xa4
    db 0xcc,0x4c,0xcc,0x8c,0x0c,0x0c,0x0c,0x48,0x5d,0x4c,0xff,0xff,0xff,0xff,0xff,0xff
    db 0xff,0xff,0xff,0xff,0xff,0xff,0xff,0xff,0xff,0xff,0xff,0xff,0xff,0xd5,0xff,0x30
    db 0xff,0x30,0x30,0xff,0x30,0xff,0xff,0xff,0xff,0xff,0xff,0xea,0xae,0x48,0xd5,0xcc
    db 0xcc,0xcc,0xea,0x8c,0x8c,0x0c,0x0c,0xcc,0x5d,0x4c,0xff,0xff,0xff,0xff,0xff,0xff
    db 0xff,0xff,0xff,0xff,0xff,0xff,0xff,0xff,0xff,0xff,0xff,0xff,0xff,0xea,0xff,0x30
    db 0x75,0xba,0x75,0xff,0xff,0xff,0xff,0xff,0xff,0xff,0xff,0xff,0xff,0xea,0x84,0xcc
    db 0xcc,0xc8,0x8c,0x0c,0x0c,0x0c,0xcc,0xcc,0xcc,0xcc,0xff,0xff,0xff,0xff,0xff,0xff
    db 0xff,0xff,0xff,0xff,0xff,0xff,0xff,0xff,0xff,0xff,0xff,0xff,0xba,0x98,0xff,0xba
    db 0x75,0xff,0xd5,0xff,0xff,0xff,0xff,0xff,0xff,0xff,0xff,0xff,0xff,0xd5,0xae,0xcc
    db 0xcc,0x0c,0x8c,0xcc,0x4c,0xcc,0x8c,0x4c,0x4c,0xcc,0xff,0xff,0xff,0xff,0xff,0xff
    db 0xff,0xff,0xff,0xff,0xff,0xff,0xff,0xff,0xff,0xff,0xff,0xff,0xba,0xcc,0x75,0xff
    db 0x30,0xff,0xea,0xd5,0xff,0xff,0xff,0xff,0xff,0xff,0xff,0xff,0xff,0x5d,0x0c,0x4c
    db 0xcc,0xcc,0x4c,0xcc,0x0c,0xcc,0xcc,0xcc,0x0c,0x0c,0xff,0xff,0xff,0xff,0xff,0xff
    db 0xff,0xff,0xff,0xff,0xff,0xff,0xff,0xff,0xff,0xff,0xff,0xff,0xff,0x98,0x75,0xff
    db 0x75,0xff,0xea,0xd5,0xff,0xff,0xff,0xff,0xff,0xff,0xff,0xff,0xff,0x5d,0xcc,0xcc
    db 0xcc,0xcc,0x4c,0x0c,0x0c,0x4c,0x8c,0xd5,0xea,0xff,0xff,0xff,0xff,0xff,0xff,0xff
    db 0xff,0xff,0xff,0xff,0xff,0xff,0xff,0xff,0xff,0xff,0xff,0xff,0xff,0x30,0x75,0xff
    db 0xea,0xff,0xff,0xd5,0xff,0xff,0xff,0xff,0xff,0xff,0xff,0xff,0xff,0xff,0xcc,0xcc
    db 0xcc,0x8c,0x8c,0xc0,0x84,0x0c,0x8c,0x8c,0xcc,0xdd,0xff,0xff,0xff,0xff,0xff,0xff
    db 0xff,0xff,0xff,0xff,0xff,0xff,0xff,0xff,0xff,0xff,0xff,0xff,0xff,0xff,0xff,0xff
    db 0xc0,0xff,0xff,0xff,0xff,0xff,0xff,0xff,0xff,0xff,0xff,0xff,0xff,0xff,0xcc,0xcc
    db 0xcc,0x0c,0x5d,0x48,0xc0,0xea,0x0c,0xcc,0xcc,0x5d,0xff,0xff,0xff,0xff,0xff,0xff
    db 0xff,0xff,0xff,0xff,0xff,0xff,0xff,0xff,0xff,0xff,0xff,0xff,0xff,0xc0,0xd5,0xff
    db 0xea,0xff,0xff,0xff,0xff,0xff,0xff,0xff,0xff,0xff,0xff,0xff,0xff,0xff,0xcc,0xcc
    db 0xcc,0x5d,0x8c,0x5d,0xc0,0xc0,0xee,0x5d,0xcc,0xff,0xff,0xff,0xff,0xff,0xff,0xff
    db 0xff,0xff,0xff,0xff,0xff,0xff,0xff,0xff,0xff,0xff,0xff,0xff,0xff,0xea,0xd5,0xff
    db 0xff,0xff,0xff,0xff,0xff,0xff,0xff,0xff,0xff,0xff,0xff,0xff,0xff,0xff,0xfa,0xe4
    db 0xcc,0xff,0x0c,0x0c,0xff,0x0c,0xcc,0x0c,0xf5,0xff,0xff,0xff,0xff,0xff,0xff,0xff
    db 0xff,0xff,0xff,0xff,0xff,0xff,0xff,0xff,0xff,0xff,0xff,0xff,0xff,0xea,0xd5,0xff
    db 0xff,0xff,0xff,0xff,0xff,0xff,0xff,0xff,0xff,0xff,0xff,0xff,0xff,0xff,0xff,0xf0
    db 0x8c,0xae,0xd5,0xae,0x0c,0x4c,0x8c,0x4c,0xd5,0xff,0xff,0xff,0xff,0xff,0xff,0xff
    db 0xff,0xff,0xff,0xff,0xff,0xff,0xff,0xff,0xff,0xff,0xff,0xff,0xff,0xff,0xd5,0xff
    db 0xff,0xff,0xff,0xff,0xff,0xff,0xff,0xff,0xff,0xff,0xff,0xff,0xff,0xff,0xff,0xfa
    db 0xf5,0xea,0xc0,0xae,0x0c,0x0c,0xae,0x5d,0xff,0xff,0xff,0xff,0xff,0xff,0xff,0xff
    db 0xff,0xff,0xff,0xff,0xff,0xff,0xff,0xff,0xff,0xff,0xff,0xff,0xff,0xff,0xff,0xff
    db 0xff,0xff,0xff,0xff,0xff,0xff,0xff,0xff,0xff,0xff,0xff,0xff,0xff,0xff,0xff,0xfa
    db 0xc8,0xc0,0xd5,0xff,0xc4,0x0c,0x8c,0x8c,0xff,0xff,0xff,0xff,0xff,0xff,0xff,0xff
    db 0xff,0xff,0xff,0xff,0xff,0xff,0xff,0xff,0xff,0xff,0xff,0xff,0xff,0xff,0xff,0xff
    db 0xff,0xff,0xff,0xff,0xff,0xff,0xff,0xff,0xff,0xff,0xff,0xff,0xff,0xff,0xff,0xff
    db 0xff,0xc0,0xc0,0x84,0x84,0xee,0xae,0xdd,0xff,0xff,0xff,0xff,0xff,0xff,0xff,0xff
    db 0xff,0xff,0xff,0xff,0xff,0xff,0xff,0xff,0xff,0xff,0xff,0xff,0xff,0xff,0xff,0xff
    db 0xff,0xff,0xff,0xff,0xff,0xff,0xff,0xff,0xff,0xff,0xff,0xff,0xff,0xff,0xff,0xff
    db 0xff,0xea,0xd5,0x0c,0xea,0x8c,0x0c,0x5d,0xff,0xff,0xff,0xff,0xff,0xff,0xff,0xff
    db 0xff,0xff,0xff,0xff,0xff,0xff,0xff,0xff,0xff,0xff,0xff,0xff,0xff,0xff,0xff,0xff
    db 0xff,0xff,0xff,0xff,0xff,0xff,0xff,0xff,0xff,0xff,0xff,0xff,0xea,0xc0,0xd5,0xc0
    db 0xc0,0xff,0xc0,0x4c,0xcc,0x4c,0x0c,0xdd,0xff,0xff,0xff,0xff,0xff,0xff,0xff,0xff
    db 0xff,0xff,0xff,0xff,0xff,0xff,0xff,0xff,0xff,0xff,0xff,0xff,0xff,0xff,0xff,0xff
    db 0xff,0xff,0xff,0xff,0xff,0xff,0xff,0xff,0xea,0xff,0xff,0xff,0xc0,0xc0,0xd5,0xea
    db 0x0c,0x4c,0xcc,0xd5,0xcc,0x4c,0xff,0xff,0xff,0xff,0xff,0xff,0xff,0xff,0xff,0xff
    db 0xff,0xff,0xff,0xff,0xff,0xff,0xff,0xff,0xff,0xff,0xff,0xff,0xff,0xff,0xff,0xff
    db 0xff,0xff,0xff,0xff,0xff,0xff,0xff,0xff,0xea,0xff,0xff,0xff,0xea,0xc0,0xd5,0xff
    db 0x0c,0x0c,0xcc,0x0c,0xd5,0xcc,0xdd,0xff,0xff,0xff,0xff,0xff,0xff,0xff,0xff,0xff
    db 0xff,0xff,0xff,0xff,0xff,0xff,0xff,0xff,0xff,0xff,0xff,0xff,0xff,0xff,0xff,0xff
    db 0xff,0xff,0xea,0xff,0xff,0xff,0xff,0xff,0xea,0xd5,0xff,0xd5,0xc0,0xae,0x5d,0xea
    db 0x0c,0x0c,0xcc,0x0c,0x5d,0xc0,0xff,0xff,0xff,0xff,0xff,0xff,0xff,0xff,0xff,0xff
    db 0xff,0xff,0xff,0xff,0xff,0xff,0xff,0xff,0xff,0xff,0xff,0xff,0xff,0xff,0xff,0xff
    db 0xff,0xff,0xea,0xdd,0xff,0xff,0xff,0xff,0xea,0xd5,0xff,0xea,0xae,0x0c,0x5d,0xea
    db 0x84,0x0c,0xcc,0x0c,0x4c,0xcc,0xff,0xff,0xff,0xff,0xff,0xff,0xff,0xff,0xff,0xff
    db 0xff,0xff,0xff,0xff,0xff,0xff,0xff,0xff,0xff,0xff,0xff,0xff,0xff,0xff,0xff,0xff
    db 0xff,0xff,0xae,0x48,0xc4,0xc0,0xff,0xff,0xff,0xba,0xea,0xc0,0x5d,0x0c,0x5d,0xd5
    db 0x84,0x0c,0x4c,0x0c,0xcc,0xcc,0x5d,0xff,0xff,0xff,0xff,0xff,0xff,0xff,0xff,0xff
    db 0xff,0xff,0xff,0xff,0xff,0xff,0xff,0xff,0xff,0xff,0xff,0xff,0xff,0xff,0xff,0xff
    db 0xff,0xff,0xae,0xd8,0xee,0xc8,0xc0,0x5d,0xff,0x30,0xea,0x0c,0x0c,0x0c,0x48,0xff
    db 0xff,0x0c,0x4c,0x4c,0xcc,0x4c,0xdd,0xff,0xff,0xff,0xff,0xff,0xff,0xff,0xff,0xff
    db 0xff,0xff,0xff,0xff,0xff,0xff,0xff,0xff,0xff,0xff,0xff,0xff,0xff,0xff,0xff,0xff
    db 0xff,0xff,0xae,0xc8,0xc4,0xe0,0xd5,0x5d,0xff,0x30,0xc0,0x0c,0x0c,0x0c,0x48,0xc0
    db 0xff,0xc4,0xcc,0xcc,0x8c,0x4c,0x8c,0xff,0xff,0xff,0xff,0xff,0xff,0xff,0xff,0xff
    db 0xff,0xff,0xff,0xff,0xff,0xff,0xff,0xff,0xff,0xff,0xff,0xff,0xff,0xff,0xff,0xff
    db 0xff,0xff,0xff,0xc8,0xfa,0xf0,0xd5,0xcc,0x60,0xea,0x5d,0x0c,0xff,0x5d,0x84,0xc0
    db 0xff,0xba,0xcc,0x8c,0xcc,0x4c,0xcc,0xff,0xff,0xff,0xff,0xff,0xff,0xff,0xff,0xff
    db 0xff,0xff,0xff,0xff,0xff,0xff,0xff,0xff,0xff,0xff,0xff,0xff,0xff,0xff,0xff,0xff
    db 0xff,0xff,0xea,0xdd,0xfa,0xf0,0x75,0xd8,0x84,0xc0,0xae,0x48,0xdd,0xff,0x84,0xd5
    db 0xff,0xff,0xf0,0xe0,0xea,0x0c,0xcc,0xff,0xff,0xff,0xff,0xff,0xff,0xff,0xff,0xff
    db 0xff,0xff,0xff,0xff,0xff,0xff,0xff,0xff,0xff,0xff,0xff,0xff,0xff,0xff,0xff,0xff
    db 0xff,0xff,0xff,0xee,0xff,0xf0,0x48,0xff,0x48,0xc4,0x48,0x0c,0xae,0xea,0xc0,0xc0
    db 0xff,0xc0,0xfa,0xdd,0xff,0x84,0xcc,0xff,0xff,0xff,0xff,0xff,0xff,0xff,0xff,0xff
    db 0xff,0xff,0xff,0xff,0xff,0xff,0xff,0xff,0xff,0xff,0xff,0xff,0xff,0xff,0xff,0xff
    db 0xff,0xff,0xff,0x0c,0xc0,0xc0,0x0c,0xc0,0xc0,0x84,0x84,0x84,0x84,0xae,0xc8,0xd5
    db 0xff,0xc4,0x0c,0xdd,0xff,0xea,0xcc,0xdd,0xff,0xff,0xff,0xff,0xff,0xff,0xff,0xff
    db 0xff,0xff,0xff,0xff,0xff,0xff,0xff,0xff,0xff,0xff,0xff,0xff,0xff,0xff,0xff,0xff
    db 0xff,0xff,0xd5,0xd5,0xc0,0x84,0xea,0xc0,0x0c,0xea,0x0c,0xff,0x48,0xae,0x8c,0xd5
    db 0xff,0xee,0x8c,0x5d,0xff,0xff,0xee,0xf5,0xff,0xff,0xff,0xff,0xff,0xff,0xff,0xff
    db 0xff,0xff,0xff,0xff,0xff,0xff,0xff,0xff,0xff,0xff,0xff,0xff,0xff,0xff,0xff,0xff
    db 0xff,0xff,0xea,0xae,0xc0,0xc0,0xc0,0xd5,0xc4,0x84,0x0c,0x0c,0xea,0x0c,0x48,0xd5
    db 0xea,0x90,0xcc,0xdd,0xff,0xff,0xff,0xff,0xff,0xff,0xff,0xff,0xff,0xff,0xff,0xff
    db 0xff,0xff,0xff,0xff,0xff,0xff,0xff,0xff,0xff,0xff,0xff,0xff,0xff,0xff,0xff,0xff
    db 0xff,0xff,0xea,0xc0,0xff,0xff,0xc0,0x84,0x5d,0x0c,0x0c,0x0c,0xd5,0xae,0x48,0xd5
    db 0xea,0xc8,0xd8,0xff,0xff,0xff,0xff,0xff,0xff,0xff,0xff,0xff,0xff,0xff,0xff,0xff
    db 0xff,0xff,0xff,0xff,0xff,0xff,0xff,0xff,0xff,0xff,0xff,0xff,0xff,0xff,0xff,0xff
    db 0xff,0xff,0xff,0xff,0xd5,0xea,0x84,0x5d,0x5d,0xea,0xff,0x4c,0x5d,0xc0,0xd5,0xd5
    db 0xc4,0x8c,0xfa,0xff,0xff,0xff,0xff,0xff,0xff,0xff,0xff,0xff,0xff,0xff,0xff,0xff
    db 0xff,0xff,0xff,0xff,0xff,0xff,0xff,0xff,0xff,0xff,0xff,0xff,0xff,0xff,0xff,0xff
    db 0xff,0xff,0xff,0xff,0xff,0xff,0xc0,0xd5,0xd5,0xd5,0xae,0x0c,0x48,0xd5,0xae,0xd5
    db 0xff,0xd5,0xff,0xff,0xff,0xff,0xff,0xff,0xff,0xff,0xff,0xff,0xff,0xff,0xff,0xff
    db 0xff,0xff,0xff,0xff,0xff,0xff,0xff,0xff,0xff,0xff,0xff,0xff,0xff,0xff,0xff,0xff
    db 0xff,0xff,0xff,0xff,0xff,0xff,0xff,0xc0,0x48,0xc0,0xae,0x0c,0x0c,0x48,0x84,0xd5
    db 0xff,0xff,0xff,0xff,0xff,0xff,0xff,0xff,0xff,0xff,0xff,0xff,0xff,0xff,0xff,0xff
    db 0xff,0xff,0xff,0xff,0xff,0xff,0xff,0xff,0xff,0xff,0xff,0xff,0xff,0xff,0xff,0xff
    db 0xff,0xff,0xff,0xff,0xff,0xff,0xc0,0x84,0x48,0xea,0xae,0xae,0xc0,0xc0,0xff,0xff
    db 0xff,0xff,0xff,0xff,0xff,0xff,0xff,0xff,0xff,0xff,0xff,0xff,0xff,0xff,0xff,0xff
    db 0xff,0xff,0xff,0xff,0xff,0xff,0xff,0xff,0xff,0xff,0xff,0xff,0xff,0xff,0xff,0xff
    db 0xff,0xff,0xff,0xff,0xff,0xff,0xff,0xc0,0x0c,0xd5,0xd5,0x5d,0xd5,0xff,0xff,0xff
    db 0xff,0xff,0xff,0xff,0xff,0xff,0xff,0xff,0xff,0xff,0xff,0xff,0xff,0xff,0xff,0xff
    db 0xff,0xff,0xff,0xff,0xff,0xff,0xff,0xff,0xff,0xff,0xff,0xff,0xff,0xff,0xff,0xff
    db 0xff,0xff,0xff,0xff,0xff,0xff,0xff,0xd5,0xff,0xea,0xc0,0xd5,0xff,0xff,0xff,0xff
    db 0xff,0xff,0xff,0xff,0xff,0xff,0xff,0xff,0xff,0xff,0xff,0xff,0xff,0xff,0xff,0xff
    db 0xff,0xff,0xff,0xff,0xff,0xff,0xff,0xff,0xff,0xff,0xff,0xff,0xff,0xff,0xff,0xff
    db 0xff,0xff,0xff,0xff,0xff,0xff,0xd5,0xc0,0xd5,0xea,0xff,0xff,0xff,0xff,0xff,0xff
    db 0xff,0xff,0xff,0xff,0xff,0xff,0xff,0xff,0xff,0xff,0xff,0xff,0xff,0xff,0xff,0xff
    db 0xff,0xff,0xff,0xff,0xff,0xff,0xff,0xff,0xff,0xff,0xff,0xff,0xff,0xff,0xff,0xff
    db 0xff,0xff,0xff,0xff,0xff,0xff,0xea,0xc0,0xff,0xff,0xff,0xff,0xff,0xff,0xff,0xff
    db 0xff,0xff,0xff,0xff,0xff,0xff,0xff,0xff,0xff,0xff,0xff,0xff,0xff,0xff,0xff,0xff
    db 0xff,0xff,0xff,0xff,0xff,0xff,0xff,0xff,0xff,0xff,0xff,0xff,0xff,0xff,0xff,0xff
    db 0xff,0xff,0xff,0xff,0xff,0xff,0xff,0xd5,0xff,0xff,0xff,0xff,0xff,0xff,0xff,0xff
    db 0xff,0xff,0xff,0xff,0xff,0xff,0xff,0xff,0xff,0xff,0xff,0xff,0xff,0xff,0xff,0xff
    db 0xff,0xff,0xff,0xff,0xff,0xff,0xff,0xff,0xff,0xff,0xff,0xff,0xff,0xff,0xff,0xff
    db 0xff,0xff,0xff,0xff,0xff,0xff,0xff,0xff,0xff,0xff,0xff,0xff,0xff,0xff,0xff,0xff
    db 0xff,0xff,0xff,0xff,0xff,0xff,0xff,0xff,0xff,0xff,0xff,0xff,0xff,0xff,0xff,0xff
    db 0xff,0xff,0xff,0xff,0xff,0xff,0xff,0xff,0xff,0xff,0xff,0xff,0xff,0xff,0xff,0xff
    db 0xff,0xff,0xff,0xff,0xff,0xff,0xff,0xff,0xff,0xff,0xff,0xff,0xff,0xff,0xff,0xff
    db 0xff,0xff,0xff,0xff,0xff,0xff,0xff,0xff,0xff,0xff,0xff,0xff,0xff,0xff,0xff,0xff
    db 0xff,0xff,0xff,0xff,0xff,0xff,0xff,0xff,0xff,0xff,0xff,0xff,0xff,0xff,0xff,0xff
    db 0xff,0xff,0xff,0xff,0xff,0xff,0xff,0xff,0xff,0xff,0xff,0xff,0xff,0xff,0xff,0xff
    db 0xff,0xff,0xff,0xff,0xff,0xff,0xff,0xff,0xff,0xff,0xff,0xff,0xff,0xff,0xff,0xff
    db 0xff,0xff,0xff,0xff,0xff,0xff,0xff,0xff,0xff,0xff,0xff,0xff,0xff,0xff,0xff,0xff
    db 0xff,0xff,0xff,0xff,0xff,0xff,0xff,0xff,0xff,0xff,0xff,0xff,0xff,0xff,0xff,0xff
    db 0xff,0xff,0xff,0xff,0xff,0xff,0xff,0xff,0xff,0xff,0xff,0xff,0xff,0xff,0xff,0xff
    db 0xff,0xff,0xff,0xff,0xff,0xff,0xff,0xff,0xff,0xff,0xff,0xff,0xff,0xff,0xff,0xff
    db 0xff,0xff,0xff,0xff,0xff,0xff,0xff,0xff,0xff,0xff,0xff,0xff,0xff,0xff,0xff,0xff
    db 0xff,0xff,0xff,0xff,0xff,0xff,0xff,0xff,0xff,0xff,0xff,0xff,0xff,0xff,0xff,0xff
    db 0xff,0xff,0xff,0xff,0xff,0xff,0xff,0xff,0xff,0xff,0xff,0xff,0xff,0xff,0xff,0xff
    db 0xff,0xff,0xff,0xff,0xff,0xff,0xff,0xff,0xff,0xff,0xff,0xff,0xff,0xff,0xff,0xff
    db 0xff,0xff,0xff,0xff,0xff,0xff,0xff,0xff,0xff,0xff,0xff,0xff,0xff,0xff,0xff,0xff
